2/16/2022,Open:,3183.53,High:,3186.77,Low:,3044.03,Close:,3122.3,CHANGE:,-1.92%,AMPLITUDE:,4.48%,MA(7):,3003.66,MA(25):,2820.46,MA(99):,3634.69,Vol(ETH):,319.998K,Vol(USDT),999.22M,395.713K,413.239K
2/17/2022,Open:,3122.31,High:,3160,Low:,2851.55,Close:,2891.87,CHANGE:,-7.38%,AMPLITUDE:,9.88%,MA(7):,2977.86,MA(25):,2834.57,MA(99):,3617.14,Vol(ETH):,488.693K,Vol(USDT),1.467B,382.924K,419.214K
2/18/2022,Open:,2891.88,High:,2943.97,Low:,2750,Close:,2779.48,CHANGE:,-3.89%,AMPLITUDE:,6.71%,MA(7):,2956.7,MA(25):,2848.18,MA(99):,3597.55,Vol(ETH):,502.977K,Vol(USDT),1.428B,388.774K,407.712K
2/19/2022,Open:,2779.3,High:,2830.96,Low:,2694.45,Close:,2763.63,CHANGE:,-0.57%,AMPLITUDE:,4.91%,MA(7):,2934.53,MA(25):,2860.37,MA(99):,3578.34,Vol(ETH):,293.838K,Vol(USDT),812.4M,382.715K,403.214K
2/20/2022,Open:,2763.63,High:,2764.64,Low:,2576,Close:,2621.99,CHANGE:,-5.13%,AMPLITUDE:,6.83%,MA(7):,2898.93,MA(25):,2866.73,MA(99):,3557.92,Vol(ETH):,386.385K,Vol(USDT),1.023B,403.234K,413K
2/21/2022,Open:,2621.99,High:,2759.51,Low:,2558,Close:,2568.02,CHANGE:,-2.06%,AMPLITUDE:,7.69%,MA(7):,2847.26,MA(25):,2872.48,MA(99):,3537.12,Vol(ETH):,761.839K,Vol(USDT),2.03B,457.529K,434.912K
2/22/2022,Open:,2568.03,High:,2665.74,Low:,2500,Close:,2636.29,CHANGE:,2.66%,AMPLITUDE:,6.45%,MA(7):,2769.08,MA(25):,2876.13,MA(99):,3517.65,Vol(ETH):,692.639K,Vol(USDT),1.787B,492.339K,447.616K
2/23/2022,Open:,2636.28,High:,2753.55,Low:,2575.83,Close:,2579.71,CHANGE:,-2.15%,AMPLITUDE:,6.74%,MA(7):,2691.57,MA(25):,2875.26,MA(99):,3501.19,Vol(ETH):,504.47K,Vol(USDT),1.348B,518.692K,457.202K
2/24/2022,Open:,2579.7,High:,2740,Low:,2300,Close:,2596.2,CHANGE:,0.64%,AMPLITUDE:,17.06%,MA(7):,2649.33,MA(25):,2875.05,MA(99):,3484.1,Vol(ETH):,1.396M,Vol(USDT),3.418B,648.269K,515.596K
2/25/2022,Open:,2596.26,High:,2834.97,Low:,2571.72,Close:,2768.49,CHANGE:,6.64%,AMPLITUDE:,10.14%,MA(7):,2647.76,MA(25):,2878.31,MA(99):,3471.69,Vol(ETH):,679.394K,Vol(USDT),1.819B,673.471K,531.123K
2/26/2022,Open:,2768.05,High:,2878,Low:,2727.5,Close:,2779.47,CHANGE:,0.40%,AMPLITUDE:,5.44%,MA(7):,2650.02,MA(25):,2878,MA(99):,3456.39,Vol(ETH):,418.485K,Vol(USDT),1.169B,691.278K,536.997K
2/27/2022,Open:,2779.47,High:,2836.33,Low:,2557.98,Close:,2616.79,CHANGE:,-5.85%,AMPLITUDE:,10.01%,MA(7):,2649.28,MA(25):,2875.44,MA(99):,3438.25,Vol(ETH):,650.199K,Vol(USDT),1.758B,728.966K,566.1K
2/28/2022,Open:,2616.79,High:,2951.6,Low:,2568.62,Close:,2920.95,CHANGE:,11.62%,AMPLITUDE:,14.64%,MA(7):,2699.7,MA(25):,2884.46,MA(99):,3424.74,Vol(ETH):,733.794K,Vol(USDT),2.004B,724.959K,591.244K
3/1/2022,Open:,2920.83,High:,3037.94,Low:,2854.09,Close:,2976.33,CHANGE:,1.90%,AMPLITUDE:,6.29%,MA(7):,2748.28,MA(25):,2883.71,MA(99):,3413.53,Vol(ETH):,673.902K,Vol(USDT),1.984B,722.282K,607.31K
3/2/2022,Open:,2976.33,High:,3043.91,Low:,2914.21,Close:,2947.3,CHANGE:,-0.98%,AMPLITUDE:,4.36%,MA(7):,2800.79,MA(25):,2881.1,MA(99):,3399.47,Vol(ETH):,614.624K,Vol(USDT),1.829B,738.019K,628.355K
3/3/2022,Open:,2947.31,High:,2970.97,Low:,2785,Close:,2833.99,CHANGE:,-3.84%,AMPLITUDE:,6.31%,MA(7):,2834.76,MA(25):,2872.26,MA(99):,3384.97,Vol(ETH):,446.192K,Vol(USDT),1.282B,602.37K,625.319K
3/4/2022,Open:,2834,High:,2836.17,Low:,2573,Close:,2622.1,CHANGE:,-7.48%,AMPLITUDE:,9.29%,MA(7):,2813.85,MA(25):,2851.55,MA(99):,3365.75,Vol(ETH):,556.179K,Vol(USDT),1.499B,584.768K,629.12K
3/5/2022,Open:,2622.11,High:,2685.12,Low:,2589.38,Close:,2665.15,CHANGE:,1.64%,AMPLITUDE:,3.65%,MA(7):,2797.52,MA(25):,2833.49,MA(99):,3351.86,Vol(ETH):,268.73K,Vol(USDT),709.709M,563.374K,627.326K
3/6/2022,Open:,2665.16,High:,2676.29,Low:,2535,Close:,2551.29,CHANGE:,-4.27%,AMPLITUDE:,5.30%,MA(7):,2788.16,MA(25):,2805.79,MA(99):,3336.26,Vol(ETH):,336.488K,Vol(USDT),881.201M,518.558K,623.762K
3/7/2022,Open:,2551.3,High:,2649,Low:,2445,Close:,2491.12,CHANGE:,-2.36%,AMPLITUDE:,8.00%,MA(7):,2726.75,MA(25):,2782.53,MA(99):,3318.04,Vol(ETH):,620.172K,Vol(USDT),1.576B,502.327K,613.643K
3/8/2022,Open:,2491.12,High:,2624,Low:,2480.15,Close:,2575.97,CHANGE:,3.41%,AMPLITUDE:,5.77%,MA(7):,2669.56,MA(25):,2768.47,MA(99):,3299.17,Vol(ETH):,561.66K,Vol(USDT),1.439B,486.292K,604.287K
3/9/2022,Open:,2575.98,High:,2775.85,Low:,2567.7,Close:,2726.98,CHANGE:,5.86%,AMPLITUDE:,8.08%,MA(7):,2638.09,MA(25):,2760.79,MA(99):,3279.94,Vol(ETH):,562.772K,Vol(USDT),1.525B,478.885K,608.452K
3/10/2022,Open:,2726.98,High:,2733.25,Low:,2550.27,Close:,2606.7,CHANGE:,-4.41%,AMPLITUDE:,6.71%,MA(7):,2605.62,MA(25):,2750.22,MA(99):,3259.98,Vol(ETH):,559.03K,Vol(USDT),1.46B,495.004K,548.687K
3/11/2022,Open:,2606.69,High:,2676.78,Low:,2522.57,Close:,2556.86,CHANGE:,-1.91%,AMPLITUDE:,5.92%,MA(7):,2596.3,MA(25):,2735.3,MA(99):,3240.24,Vol(ETH):,494.584K,Vol(USDT),1.281B,486.205K,535.486K
3/12/2022,Open:,2556.86,High:,2616.79,Low:,2553.39,Close:,2568.8,CHANGE:,0.47%,AMPLITUDE:,2.48%,MA(7):,2582.53,MA(25):,2710.71,MA(99):,3223.6,Vol(ETH):,219.237K,Vol(USDT),567.134M,479.134K,521.254K
3/13/2022,Open:,2568.8,High:,2603.32,Low:,2493,Close:,2515.65,CHANGE:,-2.07%,AMPLITUDE:,4.29%,MA(7):,2577.44,MA(25):,2686.45,MA(99):,3207.42,Vol(ETH):,316.942K,Vol(USDT),811.775M,476.342K,497.45K
3/14/2022,Open:,2515.66,High:,2609.6,Low:,2498.67,Close:,2589.41,CHANGE:,2.93%,AMPLITUDE:,4.41%,MA(7):,2591.48,MA(25):,2674.35,MA(99):,3191.19,Vol(ETH):,386.63K,Vol(USDT),991.48M,442.979K,472.653K
3/15/2022,Open:,2589.42,High:,2669,Low:,2507,Close:,2617.73,CHANGE:,1.09%,AMPLITUDE:,6.26%,MA(7):,2597.45,MA(25):,2667.88,MA(99):,3173.72,Vol(ETH):,461.202K,Vol(USDT),1.189B,428.628K,457.46K
3/16/2022,Open:,2617.74,High:,2788,Low:,2603.38,Close:,2773.81,CHANGE:,5.96%,AMPLITUDE:,7.05%,MA(7):,2604.14,MA(25):,2668.28,MA(99):,3158.24,Vol(ETH):,666.225K,Vol(USDT),1.792B,443.407K,461.146K
3/17/2022,Open:,2773.8,High:,2836,Low:,2746.42,Close:,2811.92,CHANGE:,1.37%,AMPLITUDE:,3.23%,MA(7):,2633.45,MA(25):,2675.88,MA(99):,3141.82,Vol(ETH):,379.313K,Vol(USDT),1.058B,417.733K,456.369K
3/18/2022,Open:,2811.91,High:,2984,Low:,2765.59,Close:,2938.92,CHANGE:,4.52%,AMPLITUDE:,7.77%,MA(7):,2688.03,MA(25):,2690.72,MA(99):,3130.04,Vol(ETH):,556.536K,Vol(USDT),1.591B,426.583K,456.394K
3/19/2022,Open:,2938.84,High:,2987.7,Low:,2890.86,Close:,2950.84,CHANGE:,0.41%,AMPLITUDE:,3.30%,MA(7):,2742.61,MA(25):,2703.3,MA(99):,3120.47,Vol(ETH):,325.972K,Vol(USDT),961.245M,441.831K,460.483K
3/20/2022,Open:,2950.85,High:,2964.17,Low:,2817.21,Close:,2861.38,CHANGE:,-3.03%,AMPLITUDE:,4.98%,MA(7):,2792,MA(25):,2714.57,MA(99):,3108.07,Vol(ETH):,377.609K,Vol(USDT),1.089B,450.498K,463.42K
3/21/2022,Open:,2861.39,High:,2960.57,Low:,2829.81,Close:,2890.03,CHANGE:,1.00%,AMPLITUDE:,4.57%,MA(7):,2834.95,MA(25):,2726.32,MA(99):,3095.54,Vol(ETH):,450.224K,Vol(USDT),1.305B,459.583K,451.281K
3/22/2022,Open:,2890.03,High:,3052.85,Low:,2886.43,Close:,2969.64,CHANGE:,2.75%,AMPLITUDE:,5.76%,MA(7):,2885.22,MA(25):,2734.37,MA(99):,3087.34,Vol(ETH):,564.869K,Vol(USDT),1.693B,474.392K,451.51K
3/23/2022,Open:,2969.64,High:,3045.2,Low:,2920.65,Close:,3036,CHANGE:,2.23%,AMPLITUDE:,4.19%,MA(7):,2922.68,MA(25):,2744.63,MA(99):,3079.03,Vol(ETH):,453.963K,Vol(USDT),1.351B,444.069K,443.738K
3/24/2022,Open:,3035.99,High:,3129.11,Low:,2999.11,Close:,3110.76,CHANGE:,2.46%,AMPLITUDE:,4.28%,MA(7):,2965.37,MA(25):,2764.39,MA(99):,3069.85,Vol(ETH):,577.172K,Vol(USDT),1.768B,472.335K,445.034K
3/25/2022,Open:,3110.75,High:,3193.28,Low:,3076,Close:,3102.14,CHANGE:,-0.28%,AMPLITUDE:,3.77%,MA(7):,2988.68,MA(25):,2771.63,MA(99):,3061.2,Vol(ETH):,489.1K,Vol(USDT),1.533B,462.701K,444.642K
3/26/2022,Open:,3102.13,High:,3153.2,Low:,3084.9,Close:,3145,CHANGE:,1.38%,AMPLITUDE:,2.20%,MA(7):,3016.42,MA(25):,2778.38,MA(99):,3053.83,Vol(ETH):,207.135K,Vol(USDT),646.552M,445.724K,443.778K
3/27/2022,Open:,3145.01,High:,3299.37,Low:,3126.02,Close:,3295.65,CHANGE:,4.79%,AMPLITUDE:,5.51%,MA(7):,3078.46,MA(25):,2792.31,MA(99):,3047.12,Vol(ETH):,335.467K,Vol(USDT),1.072B,439.704K,445.101K
3/28/2022,Open:,3295.65,High:,3431.15,Low:,3275.01,Close:,3332.92,CHANGE:,1.13%,AMPLITUDE:,4.74%,MA(7):,3141.73,MA(25):,2812.27,MA(99):,3041.14,Vol(ETH):,527.237K,Vol(USDT),1.767B,450.706K,455.144K
3/29/2022,Open:,3332.91,High:,3481.87,Low:,3329.68,Close:,3400.51,CHANGE:,2.03%,AMPLITUDE:,4.57%,MA(7):,3203.28,MA(25):,2843.41,MA(99):,3035.65,Vol(ETH):,465.9K,Vol(USDT),1.59B,436.568K,455.48K
3/30/2022,Open:,3400.51,High:,3446.9,Low:,3331.84,Close:,3385.79,CHANGE:,-0.43%,AMPLITUDE:,3.38%,MA(7):,3253.25,MA(25):,2872.23,MA(99):,3029.3,Vol(ETH):,356.083K,Vol(USDT),1.207B,422.585K,433.327K
3/31/2022,Open:,3385.8,High:,3444.83,Low:,3261.35,Close:,3281.51,CHANGE:,-3.08%,AMPLITUDE:,5.42%,MA(7):,3277.65,MA(25):,2901.44,MA(99):,3022.25,Vol(ETH):,455.091K,Vol(USDT),1.526B,405.145K,438.74K
4/1/2022,Open:,3281.51,High:,3481.29,Low:,3210.68,Close:,3455.21,CHANGE:,5.29%,AMPLITUDE:,8.25%,MA(7):,3328.08,MA(25):,2940.01,MA(99):,3015.62,Vol(ETH):,532.169K,Vol(USDT),1.78B,411.297K,436.999K
4/2/2022,Open:,3455.2,High:,3532.2,Low:,3433.14,Close:,3443.77,CHANGE:,-0.33%,AMPLITUDE:,2.87%,MA(7):,3370.77,MA(25):,2974.72,MA(99):,3009.53,Vol(ETH):,499.893K,Vol(USDT),1.74B,453.12K,449.422K
4/3/2022,Open:,3443.77,High:,3580.34,Low:,3412.11,Close:,3521.91,CHANGE:,2.27%,AMPLITUDE:,4.89%,MA(7):,3403.09,MA(25):,3006.51,MA(99):,3003.75,Vol(ETH):,381.582K,Vol(USDT),1.335B,459.708K,449.706K
4/4/2022,Open:,3521.9,High:,3547,Low:,3405.97,Close:,3519.5,CHANGE:,-0.07%,AMPLITUDE:,4.00%,MA(7):,3429.74,MA(25):,3043.03,MA(99):,2998.25,Vol(ETH):,449.984K,Vol(USDT),1.565B,448.672K,449.689K
4/5/2022,Open:,3519.5,High:,3555,Low:,3400,Close:,3406.99,CHANGE:,-3.20%,AMPLITUDE:,4.40%,MA(7):,3430.67,MA(25):,3077.03,MA(99):,2991.89,Vol(ETH):,397.783K,Vol(USDT),1.383B,438.941K,437.754K
4/6/2022,Open:,3407,High:,3407.5,Low:,3162.39,Close:,3168.51,CHANGE:,-7.00%,AMPLITUDE:,7.19%,MA(7):,3399.63,MA(25):,3101.02,MA(99):,2985.58,Vol(ETH):,736.273K,Vol(USDT),2.411B,493.254K,457.919K
4/7/2022,Open:,3168.52,High:,3268.98,Low:,3143.15,Close:,3227.19,CHANGE:,1.85%,AMPLITUDE:,3.97%,MA(7):,3391.87,MA(25):,3129.48,MA(99):,2981.51,Vol(ETH):,458.179K,Vol(USDT),1.47B,493.695K,449.42K
4/8/2022,Open:,3227.2,High:,3314.02,Low:,3173.52,Close:,3192.39,CHANGE:,-1.08%,AMPLITUDE:,4.35%,MA(7):,3354.32,MA(25):,3153.6,MA(99):,2976.29,Vol(ETH):,502.423K,Vol(USDT),1.635B,489.445K,450.371K
4/9/2022,Open:,3192.39,High:,3268.4,Low:,3181.28,Close:,3258.57,CHANGE:,2.07%,AMPLITUDE:,2.73%,MA(7):,3327.87,MA(25):,3179.23,MA(99):,2972.07,Vol(ETH):,212.444K,Vol(USDT),683.631M,448.381K,450.751K
4/10/2022,Open:,3258.57,High:,3307.22,Low:,3193,Close:,3203.04,CHANGE:,-1.70%,AMPLITUDE:,3.51%,MA(7):,3282.31,MA(25):,3196.4,MA(99):,2966.39,Vol(ETH):,232.303K,Vol(USDT),756.032M,427.056K,443.382K
4/11/2022,Open:,3203.04,High:,3213.63,Low:,2950,Close:,2979.74,CHANGE:,-6.97%,AMPLITUDE:,8.23%,MA(7):,3205.2,MA(25):,3203.12,MA(99):,2957.82,Vol(ETH):,693.394K,Vol(USDT),2.127B,461.828K,455.25K
4/12/2022,Open:,2979.75,High:,3085,Low:,2950,Close:,3027.66,CHANGE:,1.61%,AMPLITUDE:,4.53%,MA(7):,3151.01,MA(25):,3206.67,MA(99):,2950.36,Vol(ETH):,579.523K,Vol(USDT),1.751B,487.791K,463.366K
4/13/2022,Open:,3027.65,High:,3128.97,Low:,2996.86,Close:,3118.28,CHANGE:,2.99%,AMPLITUDE:,4.36%,MA(7):,3143.84,MA(25):,3213.36,MA(99):,2943.62,Vol(ETH):,419.101K,Vol(USDT),1.285B,442.481K,467.867K
4/14/2022,Open:,3118.28,High:,3145,Low:,2976.3,Close:,3021.98,CHANGE:,-3.09%,AMPLITUDE:,5.41%,MA(7):,3114.52,MA(25):,3219.79,MA(99):,2938.39,Vol(ETH):,408.383K,Vol(USDT),1.25B,435.367K,464.531K
4/15/2022,Open:,3021.98,High:,3060.92,Low:,2993.13,Close:,3040.56,CHANGE:,0.61%,AMPLITUDE:,2.24%,MA(7):,3092.83,MA(25):,3225.81,MA(99):,2934.69,Vol(ETH):,249.626K,Vol(USDT),755.645M,399.254K,444.349K
4/16/2022,Open:,3040.57,High:,3086.1,Low:,3010.03,Close:,3059.3,CHANGE:,0.62%,AMPLITUDE:,2.50%,MA(7):,3064.37,MA(25):,3229.4,MA(99):,2933.27,Vol(ETH):,176.352K,Vol(USDT),536.234M,394.098K,421.239K
4/17/2022,Open:,3059.3,High:,3083,Low:,2981.7,Close:,2988.06,CHANGE:,-2.33%,AMPLITUDE:,3.31%,MA(7):,3033.65,MA(25):,3227.48,MA(99):,2932.33,Vol(ETH):,243.772K,Vol(USDT),742.152M,395.736K,411.396K
4/18/2022,Open:,2988.07,High:,3069.6,Low:,2883.22,Close:,3055.56,CHANGE:,2.26%,AMPLITUDE:,6.24%,MA(7):,3044.49,MA(25):,3225.27,MA(99):,2931.36,Vol(ETH):,510.252K,Vol(USDT),1.508B,369.573K,415.701K
4/19/2022,Open:,3055.56,High:,3131,Low:,3030.34,Close:,3101.77,CHANGE:,1.51%,AMPLITUDE:,3.29%,MA(7):,3055.07,MA(25):,3225.25,MA(99):,2931.55,Vol(ETH):,359.375K,Vol(USDT),1.106B,338.123K,412.957K
4/20/2022,Open:,3101.74,High:,3166.5,Low:,3036.45,Close:,3076.04,CHANGE:,-0.83%,AMPLITUDE:,4.19%,MA(7):,3049.04,MA(25):,3222.5,MA(99):,2929.9,Vol(ETH):,415K,Vol(USDT),1.285B,337.537K,390.009K
4/21/2022,Open:,3076.03,High:,3180,Low:,2942.31,Close:,2983.58,CHANGE:,-3.01%,AMPLITUDE:,7.73%,MA(7):,3043.55,MA(25):,3210.01,MA(99):,2925.98,Vol(ETH):,562.7K,Vol(USDT),1.736B,359.582K,397.475K
4/22/2022,Open:,2983.57,High:,3034.32,Low:,2930.35,Close:,2962.39,CHANGE:,-0.71%,AMPLITUDE:,3.48%,MA(7):,3032.39,MA(25):,3195.19,MA(99):,2923.17,Vol(ETH):,452.433K,Vol(USDT),1.35B,388.555K,393.904K
4/23/2022,Open:,2962.39,High:,2978.03,Low:,2913.89,Close:,2933.03,CHANGE:,-0.99%,AMPLITUDE:,2.17%,MA(7):,3014.35,MA(25):,3176.49,MA(99):,2919.39,Vol(ETH):,187.577K,Vol(USDT),554.261M,390.158K,392.128K
4/24/2022,Open:,2933.04,High:,2967.06,Low:,2912.09,Close:,2921,CHANGE:,-0.41%,AMPLITUDE:,1.87%,MA(7):,3004.77,MA(25):,3157.9,MA(99):,2915.3,Vol(ETH):,218.957K,Vol(USDT),643.703M,386.613K,391.175K
4/25/2022,Open:,2920.99,High:,3025.65,Low:,2797.01,Close:,3006.62,CHANGE:,2.93%,AMPLITUDE:,7.83%,MA(7):,2997.78,MA(25):,3146.91,MA(99):,2911.86,Vol(ETH):,619.198K,Vol(USDT),1.789B,402.177K,385.875K
4/26/2022,Open:,3006.63,High:,3039.54,Low:,2767,Close:,2809.67,CHANGE:,-6.55%,AMPLITUDE:,9.06%,MA(7):,2956.05,MA(25):,3121.08,MA(99):,2907.82,Vol(ETH):,531.184K,Vol(USDT),1.544B,426.721K,382.422K
4/27/2022,Open:,2809.68,High:,2919.87,Low:,2794.46,Close:,2888.96,CHANGE:,2.82%,AMPLITUDE:,4.46%,MA(7):,2929.32,MA(25):,3098.89,MA(99):,2905.09,Vol(ETH):,488.951K,Vol(USDT),1.401B,437.286K,387.411K
4/28/2022,Open:,2888.95,High:,2980,Low:,2853.83,Close:,2936.93,CHANGE:,1.66%,AMPLITUDE:,4.37%,MA(7):,2922.66,MA(25):,3075.49,MA(99):,2903.6,Vol(ETH):,537.393K,Vol(USDT),1.567B,433.671K,396.626K
4/29/2022,Open:,2936.92,High:,2946.46,Low:,2776.63,Close:,2817.13,CHANGE:,-4.08%,AMPLITUDE:,5.78%,MA(7):,2901.91,MA(25):,3047.4,MA(99):,2901.74,Vol(ETH):,525.978K,Vol(USDT),1.504B,444.177K,416.366K
4/30/2022,Open:,2817.13,High:,2841.63,Low:,2709.26,Close:,2726.66,CHANGE:,-3.21%,AMPLITUDE:,4.70%,MA(7):,2872.42,MA(25):,3020.18,MA(99):,2903.34,Vol(ETH):,367.757K,Vol(USDT),1.028B,469.917K,430.038K
5/1/2022,Open:,2726.67,High:,2849.9,Low:,2716.13,Close:,2824.81,CHANGE:,3.60%,AMPLITUDE:,4.91%,MA(7):,2858.68,MA(25):,3006.44,MA(99):,2907.51,Vol(ETH):,442.545K,Vol(USDT),1.231B,501.858K,444.236K
5/2/2022,Open:,2824.81,High:,2894.22,Low:,2778.78,Close:,2856.54,CHANGE:,1.12%,AMPLITUDE:,4.09%,MA(7):,2837.24,MA(25):,2991.61,MA(99):,2910.72,Vol(ETH):,521.707K,Vol(USDT),1.476B,487.931K,445.054K
5/3/2022,Open:,2856.54,High:,2861.47,Low:,2755.19,Close:,2781.7,CHANGE:,-2.62%,AMPLITUDE:,3.72%,MA(7):,2833.25,MA(25):,2975.18,MA(99):,2914.17,Vol(ETH):,371.331K,Vol(USDT),1.046B,465.095K,445.908K
5/4/2022,Open:,2781.7,High:,2965.85,Low:,2771.74,Close:,2940.64,CHANGE:,5.71%,AMPLITUDE:,6.98%,MA(7):,2840.63,MA(25):,2962.47,MA(99):,2919.04,Vol(ETH):,548.738K,Vol(USDT),1.573B,473.636K,455.461K
5/5/2022,Open:,2940.65,High:,2954.65,Low:,2683,Close:,2747.97,CHANGE:,-6.55%,AMPLITUDE:,9.24%,MA(7):,2813.64,MA(25):,2944.26,MA(99):,2921.92,Vol(ETH):,734.845K,Vol(USDT),2.056B,501.843K,467.757K
5/6/2022,Open:,2747.96,High:,2758.18,Low:,2632.95,Close:,2692.85,CHANGE:,-2.01%,AMPLITUDE:,4.56%,MA(7):,2795.88,MA(25):,2932.79,MA(99):,2924.63,Vol(ETH):,711.449K,Vol(USDT),1.918B,528.339K,486.258K
5/7/2022,Open:,2692.86,High:,2704.36,Low:,2584.75,Close:,2635.34,CHANGE:,-2.14%,AMPLITUDE:,4.44%,MA(7):,2782.84,MA(25):,2917.09,MA(99):,2925.55,Vol(ETH):,371.271K,Vol(USDT),987.464M,528.841K,499.379K
5/8/2022,Open:,2635.35,High:,2642,Low:,2484,Close:,2519.71,CHANGE:,-4.39%,AMPLITUDE:,6.00%,MA(7):,2739.25,MA(25):,2893.15,MA(99):,2924.72,Vol(ETH):,757.615K,Vol(USDT),1.93B,573.851K,537.855K
5/9/2022,Open:,2519.71,High:,2530.78,Low:,2225,Close:,2228.55,CHANGE:,-11.56%,AMPLITUDE:,12.14%,MA(7):,2649.54,MA(25):,2861.41,MA(99):,2920.95,Vol(ETH):,1.575M,Vol(USDT),3.726B,724.311K,606.121K
5/10/2022,Open:,2229,High:,2457.34,Low:,2200,Close:,2342.05,CHANGE:,5.09%,AMPLITUDE:,11.55%,MA(7):,2586.73,MA(25):,2833.47,MA(99):,2917.47,Vol(ETH):,1.551M,Vol(USDT),3.651B,892.782K,678.938K
5/11/2022,Open:,2342.04,High:,2451.37,Low:,2005,Close:,2084.99,CHANGE:,-10.98%,AMPLITUDE:,19.06%,MA(7):,2464.49,MA(25):,2794.5,MA(99):,2910.37,Vol(ETH):,2.023M,Vol(USDT),4.606B,1.103M,788.503K
5/12/2022,Open:,2084.99,High:,2195,Low:,1800,Close:,1960.22,CHANGE:,-5.98%,AMPLITUDE:,18.94%,MA(7):,2351.96,MA(25):,2753.39,MA(99):,2903.1,Vol(ETH):,2.305M,Vol(USDT),4.486B,1.328M,914.775K
5/13/2022,Open:,1960.22,High:,2147.54,Low:,1940.23,Close:,2009.69,CHANGE:,2.52%,AMPLITUDE:,10.58%,MA(7):,2254.36,MA(25):,2711.55,MA(99):,2896.17,Vol(ETH):,1.134M,Vol(USDT),2.355B,1.388M,958.208K
5/14/2022,Open:,2009.69,High:,2070.06,Low:,1951.21,Close:,2056.48,CHANGE:,2.33%,AMPLITUDE:,5.91%,MA(7):,2171.67,MA(25):,2669.74,MA(99):,2886.69,Vol(ETH):,563.788K,Vol(USDT),1.136B,1.416M,972.21K
5/15/2022,Open:,2056.47,High:,2167,Low:,2000.68,Close:,2145.29,CHANGE:,4.32%,AMPLITUDE:,8.09%,MA(7):,2118.18,MA(25):,2632.51,MA(99):,2877.93,Vol(ETH):,514.398K,Vol(USDT),1.068B,1.381M,977.343K
5/16/2022,Open:,2145.29,High:,2145.29,Low:,1979.12,Close:,2023.66,CHANGE:,-5.67%,AMPLITUDE:,7.75%,MA(7):,2088.91,MA(25):,2594.12,MA(99):,2867.51,Vol(ETH):,822.071K,Vol(USDT),1.672B,1.273M,998.797K
5/17/2022,Open:,2023.66,High:,2122.42,Low:,2008,Close:,2090.72,CHANGE:,3.31%,AMPLITUDE:,5.65%,MA(7):,2053.01,MA(25):,2559.25,MA(99):,2856.91,Vol(ETH):,568.249K,Vol(USDT),1.175B,1.133M,1.013M
5/18/2022,Open:,2090.72,High:,2110.72,Low:,1908,Close:,1915.11,CHANGE:,-8.40%,AMPLITUDE:,9.70%,MA(7):,2028.74,MA(25):,2518.53,MA(99):,2844.78,Vol(ETH):,631.577K,Vol(USDT),1.262B,934.188K,1.019M
5/19/2022,Open:,1915.11,High:,2040.39,Low:,1903.18,Close:,2019.55,CHANGE:,5.45%,AMPLITUDE:,7.16%,MA(7):,2037.21,MA(25):,2482.47,MA(99):,2832.41,Vol(ETH):,741.477K,Vol(USDT),1.462B,710.8K,1.019M
5/20/2022,Open:,2019.55,High:,2064,Low:,1923,Close:,1959.08,CHANGE:,-2.99%,AMPLITUDE:,6.98%,MA(7):,2029.98,MA(25):,2440.57,MA(99):,2821.16,Vol(ETH):,576.982K,Vol(USDT),1.152B,631.22K,1.01M
5/21/2022,Open:,1959.08,High:,1990.86,Low:,1937.36,Close:,1975.07,CHANGE:,0.82%,AMPLITUDE:,2.73%,MA(7):,2018.35,MA(25):,2407.19,MA(99):,2811.54,Vol(ETH):,238.87K,Vol(USDT),470.715M,584.803K,1M
5/22/2022,Open:,1975.06,High:,2056.41,Low:,1966.33,Close:,2043.19,CHANGE:,3.45%,AMPLITUDE:,4.56%,MA(7):,2003.77,MA(25):,2373.36,MA(99):,2802.7,Vol(ETH):,355.735K,Vol(USDT),715.445M,562.137K,971.486K
5/23/2022,Open:,2043.19,High:,2088.5,Low:,1957.12,Close:,1973.32,CHANGE:,-3.42%,AMPLITUDE:,6.43%,MA(7):,1996.58,MA(25):,2334.81,MA(99):,2793.63,Vol(ETH):,636.085K,Vol(USDT),1.297B,535.568K,904.426K
5/24/2022,Open:,1973.33,High:,1993.83,Low:,1913.02,Close:,1979.41,CHANGE:,0.31%,AMPLITUDE:,4.10%,MA(7):,1980.68,MA(25):,2301.3,MA(99):,2784.03,Vol(ETH):,534.097K,Vol(USDT),1.048B,530.689K,831.816K
5/25/2022,Open:,1979.4,High:,2022.34,Low:,1934.61,Close:,1942.63,CHANGE:,-1.86%,AMPLITUDE:,4.43%,MA(7):,1984.61,MA(25):,2269.94,MA(99):,2771.49,Vol(ETH):,524.786K,Vol(USDT),1.035B,515.433K,724.811K
5/26/2022,Open:,1942.64,High:,1966.01,Low:,1735,Close:,1792.23,CHANGE:,-7.74%,AMPLITUDE:,11.89%,MA(7):,1952.13,MA(25):,2228.64,MA(99):,2758.06,Vol(ETH):,1.169M,Vol(USDT),2.158B,576.471K,643.636K
5/27/2022,Open:,1792.24,High:,1822.26,Low:,1703,Close:,1727.27,CHANGE:,-3.62%,AMPLITUDE:,6.65%,MA(7):,1919.02,MA(25):,2183.47,MA(99):,2746.3,Vol(ETH):,1.297M,Vol(USDT),2.285B,679.287K,655.254K
5/28/2022,Open:,1727.26,High:,1808.98,Low:,1722.26,Close:,1792.22,CHANGE:,3.76%,AMPLITUDE:,5.02%,MA(7):,1892.9,MA(25):,2143.89,MA(99):,2736.32,Vol(ETH):,558.271K,Vol(USDT),988.075M,724.916K,654.859K
5/29/2022,Open:,1792.21,High:,1827.4,Low:,1759.96,Close:,1813.64,CHANGE:,1.20%,AMPLITUDE:,3.76%,MA(7):,1860.1,MA(25):,2098.81,MA(99):,2726.73,Vol(ETH):,432.431K,Vol(USDT),776.047M,735.872K,649.005K
5/30/2022,Open:,1813.64,High:,2013,Low:,1803.18,Close:,1998.78,CHANGE:,10.21%,AMPLITUDE:,11.57%,MA(7):,1863.74,MA(25):,2068.84,MA(99):,2720.43,Vol(ETH):,814.923K,Vol(USDT),1.558B,761.42K,648.494K
5/31/2022,Open:,1998.78,High:,2016.45,Low:,1925,Close:,1941.9,CHANGE:,-2.85%,AMPLITUDE:,4.58%,MA(7):,1858.38,MA(25):,2038.8,MA(99):,2714.11,Vol(ETH):,751.103K,Vol(USDT),1.478B,792.421K,661.555K
6/1/2022,Open:,1941.9,High:,1972.58,Low:,1763.75,Close:,1817.95,CHANGE:,-6.38%,AMPLITUDE:,10.75%,MA(7):,1840.57,MA(25):,2006.11,MA(99):,2705.84,Vol(ETH):,1.038M,Vol(USDT),1.954B,865.715K,690.574K
6/2/2022,Open:,1817.96,High:,1853.05,Low:,1782.42,Close:,1834.08,CHANGE:,0.89%,AMPLITUDE:,3.89%,MA(7):,1846.55,MA(25):,1978.68,MA(99):,2698.31,Vol(ETH):,788.784K,Vol(USDT),1.435B,811.435K,693.953K
6/3/2022,Open:,1834.09,High:,1843.91,Low:,1737,Close:,1775.12,CHANGE:,-3.21%,AMPLITUDE:,5.83%,MA(7):,1853.38,MA(25):,1960.55,MA(99):,2690.02,Vol(ETH):,741.283K,Vol(USDT),1.319B,732.091K,705.689K
6/4/2022,Open:,1775.13,High:,1816,Low:,1748.43,Close:,1804.58,CHANGE:,1.66%,AMPLITUDE:,3.81%,MA(7):,1855.15,MA(25):,1939.05,MA(99):,2680.28,Vol(ETH):,388.279K,Vol(USDT),689.063M,707.806K,716.361K
6/5/2022,Open:,1804.58,High:,1830.17,Low:,1773.05,Close:,1806.23,CHANGE:,0.09%,AMPLITUDE:,3.17%,MA(7):,1854.09,MA(25):,1927.9,MA(99):,2670.45,Vol(ETH):,371.975K,Vol(USDT),670.584M,699.17K,717.521K
6/6/2022,Open:,1806.22,High:,1920,Low:,1804.35,Close:,1859.84,CHANGE:,2.97%,AMPLITUDE:,6.40%,MA(7):,1834.24,MA(25):,1923.88,MA(99):,2662.8,Vol(ETH):,804.25K,Vol(USDT),1.51B,697.645K,729.533K
6/7/2022,Open:,1859.84,High:,1874.98,Low:,1725.13,Close:,1813.33,CHANGE:,-2.50%,AMPLITUDE:,8.06%,MA(7):,1815.88,MA(25):,1916.03,MA(99):,2651.62,Vol(ETH):,1.398M,Vol(USDT),2.492B,790.002K,791.211K
6/8/2022,Open:,1813.33,High:,1838.77,Low:,1765.28,Close:,1791.88,CHANGE:,-1.18%,AMPLITUDE:,4.05%,MA(7):,1812.15,MA(25):,1905.44,MA(99):,2639.65,Vol(ETH):,941.51K,Vol(USDT),1.697B,776.24K,820.977K
6/9/2022,Open:,1791.88,High:,1833,Low:,1777.33,Close:,1788.81,CHANGE:,-0.17%,AMPLITUDE:,3.11%,MA(7):,1805.68,MA(25):,1891.18,MA(99):,2627.95,Vol(ETH):,535.311K,Vol(USDT),963.246M,740.029K,775.732K
6/10/2022,Open:,1788.8,High:,1804.32,Low:,1655.93,Close:,1662.91,CHANGE:,-7.04%,AMPLITUDE:,8.30%,MA(7):,1789.65,MA(25):,1876.75,MA(99):,2616.12,Vol(ETH):,955.036K,Vol(USDT),1.648B,770.566K,751.328K
6/11/2022,Open:,1662.91,High:,1682.21,Low:,1496.74,Close:,1532.89,CHANGE:,-7.82%,AMPLITUDE:,11.15%,MA(7):,1750.84,MA(25):,1854.44,MA(99):,2605.12,Vol(ETH):,1.22M,Vol(USDT),1.915B,889.429K,798.618K
6/12/2022,Open:,1532.89,High:,1547,Low:,1423,Close:,1434.84,CHANGE:,-6.40%,AMPLITUDE:,8.09%,MA(7):,1697.79,MA(25):,1835.23,MA(99):,2592.69,Vol(ETH):,1.563M,Vol(USDT),2.311B,1.06M,879.389K
6/13/2022,Open:,1434.84,High:,1455,Low:,1165.45,Close:,1209.82,CHANGE:,-15.68%,AMPLITUDE:,20.18%,MA(7):,1604.93,MA(25):,1802.84,MA(99):,2579.14,Vol(ETH):,3.626M,Vol(USDT),4.612B,1.463M,1.08M
6/14/2022,Open:,1209.35,High:,1268.45,Low:,1075.8,Close:,1208.9,CHANGE:,-0.08%,AMPLITUDE:,15.92%,MA(7):,1518.58,MA(25):,1772.83,MA(99):,2566.19,Vol(ETH):,2.716M,Vol(USDT),3.218B,1.651M,1.221M
6/15/2022,Open:,1208.9,High:,1250,Low:,1014.4,Close:,1237.52,CHANGE:,2.37%,AMPLITUDE:,19.49%,MA(7):,1439.38,MA(25):,1743.33,MA(99):,2552.67,Vol(ETH):,3.115M,Vol(USDT),3.493B,1.962M,1.369M
6/16/2022,Open:,1237.53,High:,1257.85,Low:,1051.55,Close:,1068.5,CHANGE:,-13.66%,AMPLITUDE:,16.67%,MA(7):,1336.48,MA(25):,1704.34,MA(99):,2535.92,Vol(ETH):,1.447M,Vol(USDT),1.65B,2.092M,1.416M
6/17/2022,Open:,1068.5,High:,1118,Low:,1051.11,Close:,1086.94,CHANGE:,1.73%,AMPLITUDE:,6.26%,MA(7):,1254.2,MA(25):,1668.89,MA(99):,2520.57,Vol(ETH):,1.221M,Vol(USDT),1.329B,2.13M,1.45M
6/18/2022,Open:,1086.93,High:,1097.58,Low:,881.56,Close:,995.13,CHANGE:,-8.45%,AMPLITUDE:,19.87%,MA(7):,1177.38,MA(25):,1629.52,MA(99):,2504.79,Vol(ETH):,2.309M,Vol(USDT),2.263B,2.285M,1.587M
6/19/2022,Open:,995.12,High:,1158.62,Low:,936.15,Close:,1128.53,CHANGE:,13.41%,AMPLITUDE:,22.36%,MA(7):,1133.62,MA(25):,1596.95,MA(99):,2490.24,Vol(ETH):,2.019M,Vol(USDT),2.093B,2.35M,1.705M
6/20/2022,Open:,1128.53,High:,1170,Low:,1053,Close:,1128.24,CHANGE:,-0.03%,AMPLITUDE:,10.37%,MA(7):,1121.97,MA(25):,1570.39,MA(99):,2476.23,Vol(ETH):,1.722M,Vol(USDT),1.91B,2.078M,1.771M
6/21/2022,Open:,1128.24,High:,1194,Low:,1109.23,Close:,1125.85,CHANGE:,-0.21%,AMPLITUDE:,7.51%,MA(7):,1110.1,MA(25):,1546.34,MA(99):,2461.44,Vol(ETH):,1.306M,Vol(USDT),1.501B,1.877M,1.764M
6/22/2022,Open:,1125.86,High:,1127.33,Low:,1043.65,Close:,1050.19,CHANGE:,-6.72%,AMPLITUDE:,7.43%,MA(7):,1083.34,MA(25):,1516.66,MA(99):,2445.61,Vol(ETH):,1.307M,Vol(USDT),1.42B,1.619M,1.79M
6/23/2022,Open:,1050.19,High:,1155,Low:,1045.3,Close:,1144.72,CHANGE:,9.00%,AMPLITUDE:,10.45%,MA(7):,1094.23,MA(25):,1489.9,MA(99):,2429.16,Vol(ETH):,1.278M,Vol(USDT),1.415B,1.594M,1.843M
6/24/2022,Open:,1144.71,High:,1245.43,Low:,1132,Close:,1225.02,CHANGE:,7.01%,AMPLITUDE:,9.91%,MA(7):,1113.95,MA(25):,1458.95,MA(99):,2413.13,Vol(ETH):,1.337M,Vol(USDT),1.589B,1.611M,1.871M
6/25/2022,Open:,1225.02,High:,1256.77,Low:,1180,Close:,1242.36,CHANGE:,1.42%,AMPLITUDE:,6.27%,MA(7):,1149.27,MA(25):,1430.97,MA(99):,2395.99,Vol(ETH):,861.987K,Vol(USDT),1.049B,1.404M,1.845M
6/26/2022,Open:,1242.31,High:,1280,Low:,1194.6,Close:,1197.79,CHANGE:,-3.59%,AMPLITUDE:,6.87%,MA(7):,1159.17,MA(25):,1406.16,MA(99):,2378.28,Vol(ETH):,884.184K,Vol(USDT),1.094B,1.242M,1.796M
6/27/2022,Open:,1197.79,High:,1238.93,Low:,1172.49,Close:,1192.51,CHANGE:,-0.44%,AMPLITUDE:,5.55%,MA(7):,1168.35,MA(25):,1380.5,MA(99):,2361.42,Vol(ETH):,868.734K,Vol(USDT),1.047B,1.12M,1.599M
6/28/2022,Open:,1192.51,High:,1237.99,Low:,1136.32,Close:,1144.05,CHANGE:,-4.06%,AMPLITUDE:,8.53%,MA(7):,1170.95,MA(25):,1355.26,MA(99):,2343.79,Vol(ETH):,1.104M,Vol(USDT),1.315B,1.092M,1.484M
6/29/2022,Open:,1144.05,High:,1156.8,Low:,1087.42,Close:,1100.21,CHANGE:,-3.83%,AMPLITUDE:,6.06%,MA(7):,1178.09,MA(25):,1327.08,MA(99):,2324.91,Vol(ETH):,1.296M,Vol(USDT),1.45B,1.09M,1.354M
6/30/2022,Open:,1100.21,High:,1106.62,Low:,998,Close:,1071.01,CHANGE:,-2.65%,AMPLITUDE:,9.87%,MA(7):,1167.56,MA(25):,1297.67,MA(99):,2305.06,Vol(ETH):,1.421M,Vol(USDT),1.481B,1.11M,1.352M
7/1/2022,Open:,1071.02,High:,1117,Low:,1033.44,Close:,1059.73,CHANGE:,-1.05%,AMPLITUDE:,7.80%,MA(7):,1143.95,MA(25):,1265.67,MA(99):,2284.34,Vol(ETH):,1.562M,Vol(USDT),1.669B,1.142M,1.377M
7/2/2022,Open:,1059.73,High:,1078.88,Low:,1028.29,Close:,1067.01,CHANGE:,0.69%,AMPLITUDE:,4.77%,MA(7):,1118.9,MA(25):,1235.81,MA(99):,2263.78,Vol(ETH):,714.812K,Vol(USDT),752.814M,1.121M,1.263M
7/3/2022,Open:,1067.01,High:,1088.34,Low:,1040.78,Close:,1074.26,CHANGE:,0.68%,AMPLITUDE:,4.46%,MA(7):,1101.25,MA(25):,1207.11,MA(99):,2242.87,Vol(ETH):,644.746K,Vol(USDT),686.057M,1.087M,1.165M
7/4/2022,Open:,1074.26,High:,1160.9,Low:,1045.37,Close:,1151,CHANGE:,7.14%,AMPLITUDE:,10.75%,MA(7):,1095.32,MA(25):,1181.6,MA(99):,2221.2,Vol(ETH):,1.15M,Vol(USDT),1.267B,1.127M,1.124M
7/5/2022,Open:,1151.01,High:,1174.9,Low:,1076.34,Close:,1132.5,CHANGE:,-1.61%,AMPLITUDE:,8.56%,MA(7):,1093.67,MA(25):,1160.38,MA(99):,2198.98,Vol(ETH):,1.399M,Vol(USDT),1.579B,1.17M,1.131M
7/6/2022,Open:,1132.51,High:,1205,Low:,1111.44,Close:,1186.57,CHANGE:,4.77%,AMPLITUDE:,8.26%,MA(7):,1106.01,MA(25):,1146.53,MA(99):,2176.61,Vol(ETH):,1.212M,Vol(USDT),1.388B,1.158M,1.124M
7/7/2022,Open:,1186.57,High:,1254.29,Low:,1163.18,Close:,1237.49,CHANGE:,4.29%,AMPLITUDE:,7.68%,MA(7):,1129.79,MA(25):,1138.63,MA(99):,2154.91,Vol(ETH):,1.001M,Vol(USDT),1.208B,1.098M,1.104M
7/8/2022,Open:,1237.49,High:,1276.46,Low:,1193.15,Close:,1214.04,CHANGE:,-1.89%,AMPLITUDE:,6.73%,MA(7):,1151.84,MA(25):,1138.8,MA(99):,2134.03,Vol(ETH):,1.19M,Vol(USDT),1.466B,1.044M,1.093M
7/9/2022,Open:,1214.03,High:,1235.4,Low:,1204.67,Close:,1217.02,CHANGE:,0.25%,AMPLITUDE:,2.53%,MA(7):,1173.27,MA(25):,1139.13,MA(99):,2111.42,Vol(ETH):,576.337K,Vol(USDT),702.04M,1.025M,1.073M
7/10/2022,Open:,1217.02,High:,1219.95,Low:,1153,Close:,1168.36,CHANGE:,-4.00%,AMPLITUDE:,5.50%,MA(7):,1186.71,MA(25):,1136.36,MA(99):,2088.44,Vol(ETH):,1.018M,Vol(USDT),1.201B,1.078M,1.083M
7/11/2022,Open:,1168.37,High:,1171.29,Low:,1091.71,Close:,1096.4,CHANGE:,-6.16%,AMPLITUDE:,6.81%,MA(7):,1178.91,MA(25):,1137.48,MA(99):,2063.94,Vol(ETH):,1.202M,Vol(USDT),1.371B,1.085M,1.106M
7/12/2022,Open:,1096.37,High:,1098.26,Low:,1033.46,Close:,1038.58,CHANGE:,-5.27%,AMPLITUDE:,5.91%,MA(7):,1165.49,MA(25):,1135.54,MA(99):,2038.88,Vol(ETH):,1.261M,Vol(USDT),1.348B,1.066M,1.118M
7/13/2022,Open:,1038.58,High:,1119.18,Low:,1006.32,Close:,1115,CHANGE:,7.36%,AMPLITUDE:,10.87%,MA(7):,1155.27,MA(25):,1140.34,MA(99):,2015.73,Vol(ETH):,2.036M,Vol(USDT),2.159B,1.183M,1.171M
7/14/2022,Open:,1115.01,High:,1214.65,Low:,1072.11,Close:,1193.42,CHANGE:,7.03%,AMPLITUDE:,12.78%,MA(7):,1148.97,MA(25):,1142.93,MA(99):,1995.78,Vol(ETH):,1.605M,Vol(USDT),1.817B,1.27M,1.184M
7/15/2022,Open:,1193.42,High:,1287.82,Low:,1181.05,Close:,1231.25,CHANGE:,3.17%,AMPLITUDE:,8.95%,MA(7):,1151.43,MA(25):,1147.05,MA(99):,1975.62,Vol(ETH):,1.466M,Vol(USDT),1.794B,1.309M,1.177M
7/16/2022,Open:,1231.25,High:,1422.91,Low:,1191.23,Close:,1355.85,CHANGE:,10.12%,AMPLITUDE:,18.82%,MA(7):,1171.27,MA(25):,1156.25,MA(99):,1957.06,Vol(ETH):,1.494M,Vol(USDT),1.937B,1.44M,1.232M
7/17/2022,Open:,1355.84,High:,1387,Low:,1319.04,Close:,1338.65,CHANGE:,-1.27%,AMPLITUDE:,5.01%,MA(7):,1195.59,MA(25):,1167.79,MA(99):,1937.67,Vol(ETH):,1.246M,Vol(USDT),1.687B,1.473M,1.275M
7/18/2022,Open:,1338.65,High:,1597.47,Low:,1336.07,Close:,1581.04,CHANGE:,18.11%,AMPLITUDE:,19.53%,MA(7):,1264.83,MA(25):,1185.24,MA(99):,1921.29,Vol(ETH):,2.03M,Vol(USDT),2.98B,1.591M,1.338M
7/19/2022,Open:,1581.03,High:,1631,Low:,1493.11,Close:,1542.32,CHANGE:,-2.45%,AMPLITUDE:,8.72%,MA(7):,1336.79,MA(25):,1197.94,MA(99):,1906.77,Vol(ETH):,1.846M,Vol(USDT),2.856B,1.675M,1.37M
7/20/2022,Open:,1542.33,High:,1620.4,Low:,1484.23,Close:,1521.58,CHANGE:,-1.34%,AMPLITUDE:,8.83%,MA(7):,1394.87,MA(25):,1209.11,MA(99):,1891.56,Vol(ETH):,1.351M,Vol(USDT),2.109B,1.577M,1.38M
7/21/2022,Open:,1521.63,High:,1605.98,Low:,1463.56,Close:,1575.45,CHANGE:,3.54%,AMPLITUDE:,9.36%,MA(7):,1449.45,MA(25):,1224.21,MA(99):,1875.97,Vol(ETH):,1.247M,Vol(USDT),1.898B,1.526M,1.398M
7/22/2022,Open:,1575.45,High:,1650.05,Low:,1516.11,Close:,1535.27,CHANGE:,-2.55%,AMPLITUDE:,8.50%,MA(7):,1492.88,MA(25):,1237.92,MA(99):,1860.95,Vol(ETH):,1.171M,Vol(USDT),1.865B,1.484M,1.396M
7/23/2022,Open:,1535.27,High:,1596.51,Low:,1488,Close:,1548.67,CHANGE:,0.87%,AMPLITUDE:,7.07%,MA(7):,1520.43,MA(25):,1254.11,MA(99):,1845.88,Vol(ETH):,851.285K,Vol(USDT),1.311B,1.392M,1.416M
7/24/2022,Open:,1548.66,High:,1664.34,Low:,1545.67,Close:,1597.7,CHANGE:,3.17%,AMPLITUDE:,7.66%,MA(7):,1557.43,MA(25):,1274.01,MA(99):,1831.12,Vol(ETH):,1.01M,Vol(USDT),1.616B,1.358M,1.415M
7/25/2022,Open:,1597.7,High:,1609.55,Low:,1435.58,Close:,1440.79,CHANGE:,-9.82%,AMPLITUDE:,10.89%,MA(7):,1537.4,MA(25):,1288.8,MA(99):,1815.49,Vol(ETH):,1.418M,Vol(USDT),2.151B,1.271M,1.431M
7/26/2022,Open:,1440.79,High:,1454.11,Low:,1356.17,Close:,1449.12,CHANGE:,0.58%,AMPLITUDE:,6.80%,MA(7):,1524.08,MA(25):,1304.37,MA(99):,1799.26,Vol(ETH):,1.2M,Vol(USDT),1.685B,1.178M,1.427M
7/27/2022,Open:,1449.12,High:,1644.44,Low:,1420.83,Close:,1635.74,CHANGE:,12.88%,AMPLITUDE:,15.43%,MA(7):,1540.39,MA(25):,1327.12,MA(99):,1784.46,Vol(ETH):,1.513M,Vol(USDT),2.306B,1.202M,1.389M
7/28/2022,Open:,1635.74,High:,1784.79,Low:,1593.27,Close:,1724.52,CHANGE:,5.43%,AMPLITUDE:,11.71%,MA(7):,1561.69,MA(25):,1353.13,MA(99):,1770.8,Vol(ETH):,1.578M,Vol(USDT),2.644B,1.249M,1.387M
7/29/2022,Open:,1724.52,High:,1765.99,Low:,1655.02,Close:,1721.68,CHANGE:,-0.16%,AMPLITUDE:,6.43%,MA(7):,1588.32,MA(25):,1375.96,MA(99):,1758.06,Vol(ETH):,1.205M,Vol(USDT),2.061B,1.254M,1.369M
7/30/2022,Open:,1721.68,High:,1744.85,Low:,1673.01,Close:,1697,CHANGE:,-1.43%,AMPLITUDE:,4.17%,MA(7):,1609.51,MA(25):,1398.54,MA(99):,1745.28,Vol(ETH):,735.133K,Vol(USDT),1.258B,1.237M,1.314M
7/31/2022,Open:,1697,High:,1754.69,Low:,1666,Close:,1678.12,CHANGE:,-1.11%,AMPLITUDE:,5.23%,MA(7):,1621,MA(25):,1418.2,MA(99):,1732.6,Vol(ETH):,696.327K,Vol(USDT),1.187B,1.192M,1.275M
8/1/2022,Open:,1678.12,High:,1704.68,Low:,1606.12,Close:,1630.28,CHANGE:,-2.85%,AMPLITUDE:,5.87%,MA(7):,1648.07,MA(25):,1433.91,MA(99):,1719.56,Vol(ETH):,801.567K,Vol(USDT),1.328B,1.104M,1.187M
8/2/2022,Open:,1630.28,High:,1678,Low:,1559.28,Close:,1630.91,CHANGE:,0.04%,AMPLITUDE:,7.28%,MA(7):,1674.04,MA(25):,1450.59,MA(99):,1705.67,Vol(ETH):,1.082M,Vol(USDT),1.746B,1.087M,1.133M
8/3/2022,Open:,1630.91,High:,1685.03,Low:,1589.71,Close:,1618.16,CHANGE:,-0.78%,AMPLITUDE:,5.84%,MA(7):,1671.52,MA(25):,1466.63,MA(99):,1693.63,Vol(ETH):,777.725K,Vol(USDT),1.276B,982.304K,1.092M
8/4/2022,Open:,1618.16,High:,1662.79,Low:,1580.39,Close:,1607.96,CHANGE:,-0.63%,AMPLITUDE:,5.09%,MA(7):,1654.87,MA(25):,1484.22,MA(99):,1680.69,Vol(ETH):,735.552K,Vol(USDT),1.191B,861.933K,1.055M
8/5/2022,Open:,1607.97,High:,1742.07,Low:,1605.64,Close:,1736.81,CHANGE:,8.01%,AMPLITUDE:,8.48%,MA(7):,1657.03,MA(25):,1509.83,MA(99):,1668.57,Vol(ETH):,1.006M,Vol(USDT),1.689B,833.445K,1.044M
8/6/2022,Open:,1736.81,High:,1749.93,Low:,1685.26,Close:,1690.6,CHANGE:,-2.66%,AMPLITUDE:,3.72%,MA(7):,1656.12,MA(25):,1535.92,MA(99):,1657.19,Vol(ETH):,523.315K,Vol(USDT),899.48M,803.185K,1.02M
8/7/2022,Open:,1690.6,High:,1729.79,Low:,1668,Close:,1700.19,CHANGE:,0.57%,AMPLITUDE:,3.65%,MA(7):,1659.27,MA(25):,1559.32,MA(99):,1646.82,Vol(ETH):,439.905K,Vol(USDT),745.75M,766.553K,979.443K
8/8/2022,Open:,1700.2,High:,1818,Low:,1693.87,Close:,1777.05,CHANGE:,4.52%,AMPLITUDE:,7.30%,MA(7):,1680.24,MA(25):,1582.67,MA(99):,1636.24,Vol(ETH):,781.621K,Vol(USDT),1.38B,763.704K,933.96K
8/9/2022,Open:,1777.05,High:,1790.83,Low:,1667.93,Close:,1702.76,CHANGE:,-4.18%,AMPLITUDE:,6.92%,MA(7):,1690.5,MA(25):,1601.53,MA(99):,1624.58,Vol(ETH):,818.171K,Vol(USDT),1.407B,726.019K,906.712K
8/10/2022,Open:,1702.76,High:,1885,Low:,1656.78,Close:,1853.57,CHANGE:,8.86%,AMPLITUDE:,13.40%,MA(7):,1724.13,MA(25):,1621.44,MA(99):,1615.21,Vol(ETH):,1.318M,Vol(USDT),2.347B,803.168K,892.736K
8/11/2022,Open:,1853.58,High:,1942,Low:,1850.32,Close:,1880.19,CHANGE:,1.44%,AMPLITUDE:,4.95%,MA(7):,1763.02,MA(25):,1643.1,MA(99):,1604.5,Vol(ETH):,1.105M,Vol(USDT),2.094B,855.984K,858.959K
8/12/2022,Open:,1880.19,High:,1964.71,Low:,1853.06,Close:,1958.28,CHANGE:,4.15%,AMPLITUDE:,5.94%,MA(7):,1794.66,MA(25):,1658.19,MA(99):,1596.52,Vol(ETH):,717.628K,Vol(USDT),1.364B,814.81K,824.127K
8/13/2022,Open:,1958.28,High:,2020,Low:,1946.5,Close:,1983.55,CHANGE:,1.29%,AMPLITUDE:,3.75%,MA(7):,1836.51,MA(25):,1675.84,MA(99):,1589.36,Vol(ETH):,695.876K,Vol(USDT),1.382B,839.461K,821.323K
8/14/2022,Open:,1983.55,High:,2030,Low:,1906,Close:,1935.31,CHANGE:,-2.43%,AMPLITUDE:,6.25%,MA(7):,1870.1,MA(25):,1692.39,MA(99):,1582.29,Vol(ETH):,569.583K,Vol(USDT),1.122B,857.987K,812.27K
8/15/2022,Open:,1935.32,High:,2012.47,Low:,1872.31,Close:,1899.06,CHANGE:,-1.87%,AMPLITUDE:,7.24%,MA(7):,1887.53,MA(25):,1705.33,MA(99):,1576.02,Vol(ETH):,949.162K,Vol(USDT),1.824B,881.921K,822.813K
8/16/2022,Open:,1899.05,High:,1915,Low:,1853,Close:,1876.67,CHANGE:,-1.18%,AMPLITUDE:,3.26%,MA(7):,1912.38,MA(25):,1718.99,MA(99):,1572.46,Vol(ETH):,622.729K,Vol(USDT),1.173B,854.001K,790.01K
8/17/2022,Open:,1876.67,High:,1959.43,Low:,1818.74,Close:,1834.25,CHANGE:,-2.26%,AMPLITUDE:,7.50%,MA(7):,1909.62,MA(25):,1730.41,MA(99):,1567.33,Vol(ETH):,951.825K,Vol(USDT),1.781B,801.724K,802.446K
8/18/2022,Open:,1834.24,High:,1882.37,Low:,1821.25,Close:,1846.39,CHANGE:,0.66%,AMPLITUDE:,3.33%,MA(7):,1904.79,MA(25):,1740.36,MA(99):,1564.92,Vol(ETH):,606.254K,Vol(USDT),1.127B,730.437K,793.21K
8/19/2022,Open:,1846.39,High:,1848,Low:,1602.37,Close:,1609.01,CHANGE:,-12.86%,AMPLITUDE:,13.30%,MA(7):,1854.89,MA(25):,1747.09,MA(99):,1561.37,Vol(ETH):,1.42M,Vol(USDT),2.447B,830.751K,822.78K
8/20/2022,Open:,1609,High:,1657.08,Low:,1523.67,Close:,1576.04,CHANGE:,-2.05%,AMPLITUDE:,8.29%,MA(7):,1796.68,MA(25):,1752.16,MA(99):,1556.99,Vol(ETH):,914.616K,Vol(USDT),1.469B,862K,850.73K
8/21/2022,Open:,1576.03,High:,1646.52,Low:,1562.34,Close:,1618.13,CHANGE:,2.67%,AMPLITUDE:,5.34%,MA(7):,1751.36,MA(25):,1751.46,MA(99):,1552.57,Vol(ETH):,780.663K,Vol(USDT),1.255B,892.154K,875.07K
8/22/2022,Open:,1618.13,High:,1629.72,Low:,1529.92,Close:,1624.66,CHANGE:,0.40%,AMPLITUDE:,6.17%,MA(7):,1712.16,MA(25):,1747.47,MA(99):,1547.31,Vol(ETH):,941.193K,Vol(USDT),1.483B,891.015K,886.468K
8/23/2022,Open:,1624.65,High:,1676.07,Low:,1563.76,Close:,1665.41,CHANGE:,2.51%,AMPLITUDE:,6.91%,MA(7):,1681.98,MA(25):,1745.21,MA(99):,1543.69,Vol(ETH):,940.247K,Vol(USDT),1.528B,936.375K,895.188K
8/24/2022,Open:,1665.4,High:,1694.13,Low:,1604.92,Close:,1656.56,CHANGE:,-0.53%,AMPLITUDE:,5.36%,MA(7):,1656.6,MA(25):,1743.6,MA(99):,1539.3,Vol(ETH):,744.668K,Vol(USDT),1.228B,906.781K,854.252K
8/25/2022,Open:,1656.56,High:,1722,Low:,1653.68,Close:,1695.11,CHANGE:,2.33%,AMPLITUDE:,4.12%,MA(7):,1634.99,MA(25):,1744.28,MA(99):,1537.08,Vol(ETH):,603.091K,Vol(USDT),1.024B,906.329K,818.383K
8/26/2022,Open:,1695.11,High:,1706.45,Low:,1486.85,Close:,1508.18,CHANGE:,-11.03%,AMPLITUDE:,12.95%,MA(7):,1620.58,MA(25):,1739.39,MA(99):,1531.92,Vol(ETH):,1.15M,Vol(USDT),1.863B,867.77K,849.26K
8/27/2022,Open:,1508.18,High:,1518.42,Low:,1447.52,Close:,1491.06,CHANGE:,-1.14%,AMPLITUDE:,4.70%,MA(7):,1608.44,MA(25):,1733.8,MA(99):,1527.19,Vol(ETH):,756.137K,Vol(USDT),1.126B,845.13K,853.565K
8/28/2022,Open:,1491.06,High:,1511,Low:,1424,Close:,1426.76,CHANGE:,-4.31%,AMPLITUDE:,5.83%,MA(7):,1581.11,MA(25):,1726.14,MA(99):,1521.65,Vol(ETH):,544.846K,Vol(USDT),805.616M,811.442K,851.798K
8/29/2022,Open:,1426.76,High:,1559.99,Low:,1422.08,Close:,1551.8,CHANGE:,8.76%,AMPLITUDE:,9.67%,MA(7):,1570.7,MA(25):,1723.9,MA(99):,1516.69,Vol(ETH):,826.252K,Vol(USDT),1.23B,795.022K,843.019K
8/30/2022,Open:,1551.79,High:,1606.13,Low:,1473.61,Close:,1524.59,CHANGE:,-1.75%,AMPLITUDE:,8.54%,MA(7):,1550.58,MA(25):,1715.41,MA(99):,1512.15,Vol(ETH):,1.003M,Vol(USDT),1.552B,803.997K,870.186K
8/31/2022,Open:,1524.59,High:,1619.78,Low:,1524.59,Close:,1554.1,CHANGE:,1.94%,AMPLITUDE:,6.24%,MA(7):,1535.94,MA(25):,1709.95,MA(99):,1507.86,Vol(ETH):,949.228K,Vol(USDT),1.498B,833.22K,870.001K
9/1/2022,Open:,1554.11,High:,1599,Low:,1512.77,Close:,1586.16,CHANGE:,2.06%,AMPLITUDE:,5.55%,MA(7):,1520.38,MA(25):,1705.39,MA(99):,1504.26,Vol(ETH):,728.71K,Vol(USDT),1.133B,851.166K,878.747K
9/2/2022,Open:,1586.17,High:,1650,Low:,1546.41,Close:,1575.35,CHANGE:,-0.68%,AMPLITUDE:,6.53%,MA(7):,1529.97,MA(25):,1697.32,MA(99):,1502.07,Vol(ETH):,919.01K,Vol(USDT),1.472B,818.18K,842.975K
9/3/2022,Open:,1575.35,High:,1582.71,Low:,1534.28,Close:,1557.46,CHANGE:,-1.14%,AMPLITUDE:,3.07%,MA(7):,1539.46,MA(25):,1691.51,MA(99):,1500.35,Vol(ETH):,321.397K,Vol(USDT),500.057M,756.074K,800.602K
9/4/2022,Open:,1557.45,High:,1583.66,Low:,1540.66,Close:,1579.28,CHANGE:,1.40%,AMPLITUDE:,2.76%,MA(7):,1561.25,MA(25):,1680.53,MA(99):,1498.2,Vol(ETH):,296.591K,Vol(USDT),463.177M,720.609K,766.026K
9/5/2022,Open:,1579.29,High:,1631.99,Low:,1556.56,Close:,1617.8,CHANGE:,2.44%,AMPLITUDE:,4.78%,MA(7):,1570.68,MA(25):,1670.04,MA(99):,1496.22,Vol(ETH):,503.493K,Vol(USDT),797.703M,674.501K,734.761K
9/6/2022,Open:,1617.8,High:,1687.4,Low:,1555,Close:,1559.01,CHANGE:,-3.63%,AMPLITUDE:,8.18%,MA(7):,1575.59,MA(25):,1654.07,MA(99):,1491.78,Vol(ETH):,1.011M,Vol(USDT),1.651B,675.593K,739.795K
9/7/2022,Open:,1559.01,High:,1657.5,Low:,1490.66,Close:,1630,CHANGE:,4.55%,AMPLITUDE:,10.70%,MA(7):,1586.44,MA(25):,1639.93,MA(99):,1488.63,Vol(ETH):,850.991K,Vol(USDT),1.326B,661.559K,747.39K
9/8/2022,Open:,1630,High:,1663.56,Low:,1595.06,Close:,1635.37,CHANGE:,0.33%,AMPLITUDE:,4.20%,MA(7):,1593.47,MA(25):,1627.93,MA(99):,1486.79,Vol(ETH):,645.124K,Vol(USDT),1.051B,649.618K,750.392K
9/9/2022,Open:,1635.37,High:,1746.13,Low:,1630.51,Close:,1718.23,CHANGE:,5.07%,AMPLITUDE:,7.07%,MA(7):,1613.88,MA(25):,1620.7,MA(99):,1485.62,Vol(ETH):,837.458K,Vol(USDT),1.425B,637.968K,728.074K
9/10/2022,Open:,1718.24,High:,1789,Low:,1706.03,Close:,1774.12,CHANGE:,3.25%,AMPLITUDE:,4.83%,MA(7):,1644.83,MA(25):,1616.59,MA(99):,1485.61,Vol(ETH):,411.046K,Vol(USDT),713.89M,650.775K,703.425K
9/11/2022,Open:,1774.12,High:,1789,Low:,1720.1,Close:,1766.11,CHANGE:,-0.45%,AMPLITUDE:,3.88%,MA(7):,1671.52,MA(25):,1613.87,MA(99):,1485.22,Vol(ETH):,409.288K,Vol(USDT),720.938M,666.875K,693.742K
9/12/2022,Open:,1766.12,High:,1783,Low:,1693,Close:,1716.37,CHANGE:,-2.82%,AMPLITUDE:,5.10%,MA(7):,1685.6,MA(25):,1608.67,MA(99):,1484.31,Vol(ETH):,630.775K,Vol(USDT),1.093B,685.058K,679.779K
9/13/2022,Open:,1716.37,High:,1760.51,Low:,1560.54,Close:,1574.4,CHANGE:,-8.27%,AMPLITUDE:,11.65%,MA(7):,1687.8,MA(25):,1607.28,MA(99):,1481.43,Vol(ETH):,1.135M,Vol(USDT),1.872B,702.747K,689.17K
9/14/2022,Open:,1574.4,High:,1647.01,Low:,1552.38,Close:,1638.39,CHANGE:,4.06%,AMPLITUDE:,6.01%,MA(7):,1689,MA(25):,1609.78,MA(99):,1479.66,Vol(ETH):,764.563K,Vol(USDT),1.222B,690.4K,675.98K
9/15/2022,Open:,1638.4,High:,1655.2,Low:,1458,Close:,1472.75,CHANGE:,-10.11%,AMPLITUDE:,12.04%,MA(7):,1665.77,MA(25):,1603.96,MA(99):,1476.44,Vol(ETH):,1.335M,Vol(USDT),2.095B,789.026K,719.322K
9/16/2022,Open:,1472.76,High:,1483.35,Low:,1405.52,Close:,1433.9,CHANGE:,-2.64%,AMPLITUDE:,5.28%,MA(7):,1625.15,MA(25):,1596.33,MA(99):,1472.85,Vol(ETH):,693.597K,Vol(USDT),1.006B,768.474K,703.221K
9/17/2022,Open:,1433.9,High:,1476.13,Low:,1409.12,Close:,1468.83,CHANGE:,2.44%,AMPLITUDE:,4.67%,MA(7):,1581.54,MA(25):,1588.47,MA(99):,1470.89,Vol(ETH):,421.391K,Vol(USDT),608.806M,769.952K,710.364K
9/18/2022,Open:,1468.82,High:,1469.63,Low:,1325.55,Close:,1334.51,CHANGE:,-9.14%,AMPLITUDE:,9.81%,MA(7):,1519.88,MA(25):,1575.59,MA(99):,1468.89,Vol(ETH):,804.113K,Vol(USDT),1.118B,826.356K,746.615K
9/19/2022,Open:,1334.51,High:,1393.35,Low:,1280,Close:,1375.98,CHANGE:,3.11%,AMPLITUDE:,8.49%,MA(7):,1471.25,MA(25):,1562.82,MA(99):,1468.29,Vol(ETH):,974.855K,Vol(USDT),1.293B,875.51K,780.284K
9/20/2022,Open:,1375.98,High:,1384.78,Low:,1312.71,Close:,1322.93,CHANGE:,-3.86%,AMPLITUDE:,5.24%,MA(7):,1435.33,MA(25):,1555.41,MA(99):,1469.43,Vol(ETH):,658.027K,Vol(USDT),889.325M,807.435K,755.091K
9/21/2022,Open:,1322.94,High:,1408.9,Low:,1220,Close:,1245.78,CHANGE:,-5.83%,AMPLITUDE:,14.28%,MA(7):,1379.24,MA(25):,1545.6,MA(99):,1469.81,Vol(ETH):,1.192M,Vol(USDT),1.582B,868.536K,779.468K
9/22/2022,Open:,1245.79,High:,1350.08,Low:,1237.32,Close:,1326.46,CHANGE:,6.48%,AMPLITUDE:,9.05%,MA(7):,1358.34,MA(25):,1541.59,MA(99):,1470.7,Vol(ETH):,904.282K,Vol(USDT),1.165B,806.933K,797.979K
9/23/2022,Open:,1326.47,High:,1360,Low:,1262.15,Close:,1327.25,CHANGE:,0.06%,AMPLITUDE:,7.38%,MA(7):,1343.11,MA(25):,1532.61,MA(99):,1473.32,Vol(ETH):,974.052K,Vol(USDT),1.273B,846.998K,807.736K
9/24/2022,Open:,1327.24,High:,1349.33,Low:,1306.52,Close:,1317.13,CHANGE:,-0.76%,AMPLITUDE:,3.23%,MA(7):,1321.43,MA(25):,1524.31,MA(99):,1475.64,Vol(ETH):,517.557K,Vol(USDT),687.932M,860.736K,815.344K
9/25/2022,Open:,1317.13,High:,1337,Low:,1269.27,Close:,1294.63,CHANGE:,-1.71%,AMPLITUDE:,5.14%,MA(7):,1315.74,MA(25):,1513.93,MA(99):,1478.67,Vol(ETH):,515.534K,Vol(USDT),674.56M,819.511K,822.933K
9/26/2022,Open:,1294.62,High:,1340.42,Low:,1277.85,Close:,1336.17,CHANGE:,3.21%,AMPLITUDE:,4.83%,MA(7):,1310.05,MA(25):,1503.93,MA(99):,1480.77,Vol(ETH):,799.166K,Vol(USDT),1.049B,794.412K,834.961K
9/27/2022,Open:,1336.17,High:,1400,Low:,1303.75,Close:,1328.02,CHANGE:,-0.61%,AMPLITUDE:,7.20%,MA(7):,1310.78,MA(25):,1494.04,MA(99):,1482.78,Vol(ETH):,860.585K,Vol(USDT),1.171B,823.349K,815.392K
9/28/2022,Open:,1328.01,High:,1355.7,Low:,1253.2,Close:,1337.2,CHANGE:,0.69%,AMPLITUDE:,7.72%,MA(7):,1323.84,MA(25):,1485.22,MA(99):,1484.92,Vol(ETH):,919.315K,Vol(USDT),1.2B,784.356K,826.446K
9/29/2022,Open:,1337.2,High:,1352.02,Low:,1288.52,Close:,1335.7,CHANGE:,-0.11%,AMPLITUDE:,4.75%,MA(7):,1325.16,MA(25):,1475.48,MA(99):,1487.8,Vol(ETH):,770.592K,Vol(USDT),1.023B,765.257K,786.095K
9/30/2022,Open:,1335.69,High:,1373.19,Low:,1313.35,Close:,1328.72,CHANGE:,-0.52%,AMPLITUDE:,4.48%,MA(7):,1325.37,MA(25):,1463.92,MA(99):,1489.66,Vol(ETH):,740.754K,Vol(USDT),991.505M,731.929K,789.464K
10/1/2022,Open:,1328.71,High:,1333.69,Low:,1302.68,Close:,1311.79,CHANGE:,-1.27%,AMPLITUDE:,2.33%,MA(7):,1324.6,MA(25):,1454.03,MA(99):,1490.54,Vol(ETH):,252.082K,Vol(USDT),332.93M,694.004K,777.37K
10/2/2022,Open:,1311.79,High:,1317.93,Low:,1270,Close:,1276.72,CHANGE:,-2.67%,AMPLITUDE:,3.65%,MA(7):,1322.05,MA(25):,1439.9,MA(99):,1490.89,Vol(ETH):,371.74K,Vol(USDT),482.595M,673.462K,746.486K
10/3/2022,Open:,1276.72,High:,1329.9,Low:,1263.04,Close:,1323.09,CHANGE:,3.63%,AMPLITUDE:,5.24%,MA(7):,1320.18,MA(25):,1427.41,MA(99):,1492.15,Vol(ETH):,483.775K,Vol(USDT),631.179M,628.406K,711.409K
10/4/2022,Open:,1323.1,High:,1369.55,Low:,1318.66,Close:,1361.49,CHANGE:,2.90%,AMPLITUDE:,3.85%,MA(7):,1324.96,MA(25):,1413.14,MA(99):,1493.86,Vol(ETH):,476.208K,Vol(USDT),641.511M,573.495K,698.422K
10/5/2022,Open:,1361.5,High:,1364.77,Low:,1316.29,Close:,1352.2,CHANGE:,-0.68%,AMPLITUDE:,3.56%,MA(7):,1327.1,MA(25):,1396.26,MA(99):,1495.96,Vol(ETH):,483.509K,Vol(USDT),649.745M,511.237K,647.797K
10/6/2022,Open:,1352.2,High:,1383.99,Low:,1345.01,Close:,1352.06,CHANGE:,-0.01%,AMPLITUDE:,2.88%,MA(7):,1329.44,MA(25):,1379.7,MA(99):,1498.5,Vol(ETH):,573.975K,Vol(USDT),783.639M,483.149K,624.203K
10/7/2022,Open:,1352.07,High:,1361.75,Low:,1317.26,Close:,1331.1,CHANGE:,-1.55%,AMPLITUDE:,3.29%,MA(7):,1329.78,MA(25):,1364.29,MA(99):,1501.13,Vol(ETH):,492K,Vol(USDT),659.509M,447.613K,589.771K
10/8/2022,Open:,1331.1,High:,1337.35,Low:,1303.51,Close:,1315.48,CHANGE:,-1.17%,AMPLITUDE:,2.54%,MA(7):,1330.31,MA(25):,1353.93,MA(99):,1503.71,Vol(ETH):,203.392K,Vol(USDT),269.448M,440.657K,567.33K
10/9/2022,Open:,1315.48,High:,1329,Low:,1307.26,Close:,1323.13,CHANGE:,0.58%,AMPLITUDE:,1.65%,MA(7):,1336.94,MA(25):,1341.32,MA(99):,1506.3,Vol(ETH):,186.202K,Vol(USDT),245.548M,414.151K,543.807K
10/10/2022,Open:,1323.13,High:,1338,Low:,1288,Close:,1290.03,CHANGE:,-2.50%,AMPLITUDE:,3.78%,MA(7):,1332.21,MA(25):,1334.01,MA(99):,1508.48,Vol(ETH):,393.663K,Vol(USDT),515.801M,401.278K,514.842K
10/11/2022,Open:,1290.03,High:,1298,Low:,1267.01,Close:,1280.11,CHANGE:,-0.77%,AMPLITUDE:,2.40%,MA(7):,1320.59,MA(25):,1327.86,MA(99):,1509.79,Vol(ETH):,429.43K,Vol(USDT),550.449M,394.596K,484.045K
10/12/2022,Open:,1280.11,High:,1306.87,Low:,1275.25,Close:,1294.44,CHANGE:,1.12%,AMPLITUDE:,2.47%,MA(7):,1312.34,MA(25):,1320.88,MA(99):,1511.42,Vol(ETH):,369.713K,Vol(USDT),478.798M,378.339K,444.788K
10/13/2022,Open:,1294.44,High:,1301.58,Low:,1190,Close:,1287.08,CHANGE:,-0.57%,AMPLITUDE:,8.62%,MA(7):,1303.05,MA(25):,1318.99,MA(99):,1512.44,Vol(ETH):,945.618K,Vol(USDT),1.183B,431.431K,457.29K
10/14/2022,Open:,1287.08,High:,1343.12,Low:,1283.39,Close:,1296.27,CHANGE:,0.71%,AMPLITUDE:,4.64%,MA(7):,1298.08,MA(25):,1315.8,MA(99):,1513.03,Vol(ETH):,669.743K,Vol(USDT),883.059M,456.823K,452.218K
10/15/2022,Open:,1296.26,High:,1301.69,Low:,1263.64,Close:,1274.92,CHANGE:,-1.65%,AMPLITUDE:,2.94%,MA(7):,1292.28,MA(25):,1313.88,MA(99):,1513.64,Vol(ETH):,287.101K,Vol(USDT),368.915M,468.781K,454.719K
10/16/2022,Open:,1274.93,High:,1315.35,Low:,1274.67,Close:,1305.95,CHANGE:,2.43%,AMPLITUDE:,3.19%,MA(7):,1289.83,MA(25):,1316.29,MA(99):,1514.54,Vol(ETH):,293.321K,Vol(USDT),379.29M,484.084K,449.118K
10/17/2022,Open:,1305.96,High:,1338.57,Low:,1295.64,Close:,1331.4,CHANGE:,1.95%,AMPLITUDE:,3.29%,MA(7):,1295.74,MA(25):,1316.48,MA(99):,1516.19,Vol(ETH):,459.848K,Vol(USDT),606.98M,493.539K,447.409K
10/18/2022,Open:,1331.39,High:,1341.73,Low:,1286.72,Close:,1310.71,CHANGE:,-1.55%,AMPLITUDE:,4.13%,MA(7):,1300.11,MA(25):,1315.82,MA(99):,1518.35,Vol(ETH):,572.729K,Vol(USDT),755.298M,514.01K,454.303K
10/19/2022,Open:,1310.71,High:,1313.5,Low:,1280.31,Close:,1285.09,CHANGE:,-1.95%,AMPLITUDE:,2.53%,MA(7):,1298.77,MA(25):,1314.54,MA(99):,1520.84,Vol(ETH):,368.638K,Vol(USDT),478.517M,513.857K,446.098K
10/20/2022,Open:,1285.09,High:,1310.87,Low:,1270.36,Close:,1282.57,CHANGE:,-0.20%,AMPLITUDE:,3.15%,MA(7):,1298.13,MA(25):,1314.06,MA(99):,1522.54,Vol(ETH):,428.532K,Vol(USDT),552.594M,439.987K,435.709K
10/21/2022,Open:,1282.57,High:,1306.97,Low:,1252.65,Close:,1299.75,CHANGE:,1.34%,AMPLITUDE:,4.24%,MA(7):,1298.63,MA(25):,1312.6,MA(99):,1523.61,Vol(ETH):,468.077K,Vol(USDT),601M,411.178K,434K
10/22/2022,Open:,1299.76,High:,1320.2,Low:,1294.32,Close:,1313.61,CHANGE:,1.07%,AMPLITUDE:,1.99%,MA(7):,1304.15,MA(25):,1312.02,MA(99):,1524.44,Vol(ETH):,221.777K,Vol(USDT),290.111M,401.846K,435.314K
10/23/2022,Open:,1313.62,High:,1371.55,Low:,1299.44,Close:,1364.2,CHANGE:,3.85%,AMPLITUDE:,5.49%,MA(7):,1312.48,MA(25):,1313.1,MA(99):,1524.53,Vol(ETH):,432.269K,Vol(USDT),576.213M,421.696K,452.89K
10/24/2022,Open:,1364.19,High:,1370.6,Low:,1324.17,Close:,1343.61,CHANGE:,-1.51%,AMPLITUDE:,3.40%,MA(7):,1314.22,MA(25):,1313.42,MA(99):,1524.58,Vol(ETH):,611.831K,Vol(USDT),822.74M,443.407K,468.473K
10/25/2022,Open:,1343.61,High:,1525.16,Low:,1334.94,Close:,1459.74,CHANGE:,8.64%,AMPLITUDE:,14.16%,MA(7):,1335.51,MA(25):,1318.66,MA(99):,1523.35,Vol(ETH):,1.128M,Vol(USDT),1.612B,522.722K,518.366K
10/26/2022,Open:,1459.74,High:,1594.99,Low:,1457.44,Close:,1566.1,CHANGE:,7.29%,AMPLITUDE:,9.42%,MA(7):,1375.65,MA(25):,1328.83,MA(99):,1523.59,Vol(ETH):,1.236M,Vol(USDT),1.896B,646.638K,580.247K
10/27/2022,Open:,1566.11,High:,1578.58,Low:,1503.2,Close:,1514.05,CHANGE:,-3.32%,AMPLITUDE:,4.81%,MA(7):,1408.72,MA(25):,1338.33,MA(99):,1523.52,Vol(ETH):,869.454K,Vol(USDT),1.345B,709.627K,574.807K
10/28/2022,Open:,1514.04,High:,1574.9,Low:,1479.82,Close:,1554.41,CHANGE:,2.67%,AMPLITUDE:,6.28%,MA(7):,1445.1,MA(25):,1347.58,MA(99):,1523.3,Vol(ETH):,858.954K,Vol(USDT),1.31B,765.466K,588.322K
10/29/2022,Open:,1554.4,High:,1663.06,Low:,1547.66,Close:,1619.55,CHANGE:,4.19%,AMPLITUDE:,7.42%,MA(7):,1488.81,MA(25):,1357.9,MA(99):,1524.16,Vol(ETH):,914.161K,Vol(USDT),1.478B,864.378K,633.112K
10/30/2022,Open:,1619.55,High:,1640.06,Low:,1576.56,Close:,1590.44,CHANGE:,-1.80%,AMPLITUDE:,3.92%,MA(7):,1521.13,MA(25):,1367.43,MA(99):,1524.58,Vol(ETH):,476.036K,Vol(USDT),762.733M,870.631K,646.163K
10/31/2022,Open:,1590.45,High:,1635.8,Low:,1545.43,Close:,1572.69,CHANGE:,-1.12%,AMPLITUDE:,5.68%,MA(7):,1553.85,MA(25):,1376.26,MA(99):,1524.32,Vol(ETH):,810.334K,Vol(USDT),1.283B,898.988K,671.198K
11/1/2022,Open:,1572.69,High:,1612.92,Low:,1563.69,Close:,1578.48,CHANGE:,0.37%,AMPLITUDE:,3.13%,MA(7):,1570.82,MA(25):,1386.15,MA(99):,1525.72,Vol(ETH):,527.539K,Vol(USDT),836.252M,813.218K,667.97K
11/2/2022,Open:,1578.47,High:,1621.68,Low:,1502.32,Close:,1518.34,CHANGE:,-3.81%,AMPLITUDE:,7.56%,MA(7):,1563.99,MA(25):,1394.27,MA(99):,1526.41,Vol(ETH):,981.395K,Vol(USDT),1.535B,776.839K,711.738K
11/3/2022,Open:,1518.33,High:,1559.01,Low:,1515.17,Close:,1531.01,CHANGE:,0.83%,AMPLITUDE:,2.89%,MA(7):,1566.42,MA(25):,1402.58,MA(99):,1525.36,Vol(ETH):,560.203K,Vol(USDT),863.253M,732.661K,721.144K
11/4/2022,Open:,1531.01,High:,1680,Low:,1528.4,Close:,1644.78,CHANGE:,7.43%,AMPLITUDE:,9.90%,MA(7):,1579.33,MA(25):,1416.77,MA(99):,1524.55,Vol(ETH):,935.531K,Vol(USDT),1.503B,743.6K,754.533K
11/5/2022,Open:,1644.78,High:,1666.97,Low:,1621.42,Close:,1626.98,CHANGE:,-1.08%,AMPLITUDE:,2.77%,MA(7):,1580.39,MA(25):,1430.65,MA(99):,1523.59,Vol(ETH):,351.386K,Vol(USDT),577.062M,663.204K,763.791K
11/6/2022,Open:,1626.98,High:,1639.02,Low:,1564.39,Close:,1568.29,CHANGE:,-3.61%,AMPLITUDE:,4.59%,MA(7):,1577.22,MA(25):,1441.6,MA(99):,1522.29,Vol(ETH):,414.864K,Vol(USDT),668.569M,654.465K,762.548K
11/7/2022,Open:,1568.25,High:,1608.04,Low:,1545.03,Close:,1568.1,CHANGE:,-0.01%,AMPLITUDE:,4.02%,MA(7):,1576.57,MA(25):,1452.84,MA(99):,1521.18,Vol(ETH):,642.409K,Vol(USDT),1.013B,630.475K,764.732K
11/8/2022,Open:,1568.09,High:,1579.98,Low:,1233,Close:,1334.77,CHANGE:,-14.88%,AMPLITUDE:,22.13%,MA(7):,1541.75,MA(25):,1454.38,MA(99):,1518.2,Vol(ETH):,2.34M,Vol(USDT),3.356B,889.386K,851.302K
11/9/2022,Open:,1334.78,High:,1337.16,Low:,1073.53,Close:,1102.73,CHANGE:,-17.38%,AMPLITUDE:,19.75%,MA(7):,1482.38,MA(25):,1447.49,MA(99):,1512.86,Vol(ETH):,2.495M,Vol(USDT),3.021B,1.106M,941.213K
11/10/2022,Open:,1102.73,High:,1350,Low:,1085.93,Close:,1299.28,CHANGE:,17.82%,AMPLITUDE:,23.95%,MA(7):,1449.28,MA(25):,1447.23,MA(99):,1509.64,Vol(ETH):,1.976M,Vol(USDT),2.443B,1.308M,1.02M
11/11/2022,Open:,1299.28,High:,1310,Low:,1201.26,Close:,1289.28,CHANGE:,-0.77%,AMPLITUDE:,8.37%,MA(7):,1398.49,MA(25):,1445.54,MA(99):,1506.42,Vol(ETH):,1.308M,Vol(USDT),1.652B,1.361M,1.052M
11/12/2022,Open:,1289.35,High:,1292.16,Low:,1238.7,Close:,1257.25,CHANGE:,-2.48%,AMPLITUDE:,4.15%,MA(7):,1345.67,MA(25):,1443.4,MA(99):,1501.58,Vol(ETH):,547.773K,Vol(USDT),693.031M,1.389M,1.026M
11/13/2022,Open:,1257.25,High:,1274.23,Low:,1200.66,Close:,1221.49,CHANGE:,-2.84%,AMPLITUDE:,5.85%,MA(7):,1296.13,MA(25):,1440.86,MA(99):,1496.84,Vol(ETH):,547.411K,Vol(USDT),676.891M,1.408M,1.031M
11/14/2022,Open:,1221.5,High:,1291.2,Low:,1171.13,Close:,1243.28,CHANGE:,1.78%,AMPLITUDE:,9.83%,MA(7):,1249.73,MA(25):,1439.29,MA(99):,1492.23,Vol(ETH):,934.742K,Vol(USDT),1.153B,1.45M,1.04M
11/15/2022,Open:,1243.29,High:,1291,Low:,1234.01,Close:,1253.23,CHANGE:,0.80%,AMPLITUDE:,4.58%,MA(7):,1238.08,MA(25):,1437.43,MA(99):,1486.93,Vol(ETH):,632.826K,Vol(USDT),798.024M,1.206M,1.048M
11/16/2022,Open:,1253.22,High:,1268.67,Low:,1187.06,Close:,1216.17,CHANGE:,-2.96%,AMPLITUDE:,6.51%,MA(7):,1254.28,MA(25):,1433.53,MA(99):,1482.02,Vol(ETH):,673.34K,Vol(USDT),826.026M,945.733K,1.026M
11/17/2022,Open:,1216.16,High:,1228.22,Low:,1181.05,Close:,1200.43,CHANGE:,-1.29%,AMPLITUDE:,3.88%,MA(7):,1240.16,MA(25):,1426.98,MA(99):,1475.42,Vol(ETH):,530.537K,Vol(USDT),638.342M,739.245K,1.024M
11/18/2022,Open:,1200.42,High:,1234,Low:,1199.18,Close:,1212.58,CHANGE:,1.01%,AMPLITUDE:,2.90%,MA(7):,1229.2,MA(25):,1421.74,MA(99):,1468.68,Vol(ETH):,360.219K,Vol(USDT),437.658M,603.835K,982.447K
11/19/2022,Open:,1212.58,High:,1235,Low:,1197.67,Close:,1217.67,CHANGE:,0.42%,AMPLITUDE:,3.08%,MA(7):,1223.55,MA(25):,1412.06,MA(99):,1461.2,Vol(ETH):,209.79K,Vol(USDT),254.211M,555.552K,972.333K
11/20/2022,Open:,1217.67,High:,1227.07,Low:,1132.65,Close:,1142.21,CHANGE:,-6.20%,AMPLITUDE:,7.75%,MA(7):,1212.22,MA(25):,1395.1,MA(99):,1452.7,Vol(ETH):,531.109K,Vol(USDT),625.008M,553.223K,980.637K
11/21/2022,Open:,1142.21,High:,1146.99,Low:,1079.76,Close:,1107.34,CHANGE:,-3.05%,AMPLITUDE:,5.89%,MA(7):,1192.8,MA(25):,1378.83,MA(99):,1444.34,Vol(ETH):,922.648K,Vol(USDT),1.031B,551.495K,1.001M
11/22/2022,Open:,1107.34,High:,1146.13,Low:,1075,Close:,1139.6,CHANGE:,2.91%,AMPLITUDE:,6.42%,MA(7):,1176.57,MA(25):,1362.24,MA(99):,1436.66,Vol(ETH):,748.885K,Vol(USDT),831.782M,568.075K,887.008K
11/23/2022,Open:,1139.59,High:,1190,Low:,1127.75,Close:,1184.52,CHANGE:,3.94%,AMPLITUDE:,5.46%,MA(7):,1172.05,MA(25):,1344.84,MA(99):,1429.67,Vol(ETH):,636.927K,Vol(USDT),741.271M,562.873K,754.303K
11/24/2022,Open:,1184.52,High:,1217.71,Low:,1180.6,Close:,1203.73,CHANGE:,1.62%,AMPLITUDE:,3.13%,MA(7):,1172.52,MA(25):,1329.37,MA(99):,1423.3,Vol(ETH):,486.081K,Vol(USDT),583.303M,556.522K,647.884K
11/25/2022,Open:,1203.72,High:,1207.77,Low:,1171.2,Close:,1199.3,CHANGE:,-0.37%,AMPLITUDE:,3.04%,MA(7):,1170.62,MA(25):,1314.43,MA(99):,1416.77,Vol(ETH):,391.43K,Vol(USDT),465.159M,560.981K,582.408K
11/26/2022,Open:,1199.29,High:,1235.66,Low:,1196.2,Close:,1205.6,CHANGE:,0.53%,AMPLITUDE:,3.29%,MA(7):,1168.9,MA(25):,1299.52,MA(99):,1412.69,Vol(ETH):,379.841K,Vol(USDT),461.938M,585.274K,570.413K
11/27/2022,Open:,1205.61,High:,1223.33,Low:,1188.65,Close:,1193.88,CHANGE:,-0.97%,AMPLITUDE:,2.88%,MA(7):,1176.28,MA(25):,1286.54,MA(99):,1408.83,Vol(ETH):,286.387K,Vol(USDT),347.219M,550.314K,551.769K
11/28/2022,Open:,1193.88,High:,1199.25,Low:,1151.02,Close:,1167.77,CHANGE:,-2.19%,AMPLITUDE:,4.04%,MA(7):,1184.91,MA(25):,1272.01,MA(99):,1404.28,Vol(ETH):,478.796K,Vol(USDT),560.569M,486.907K,519.201K
11/29/2022,Open:,1167.77,High:,1228.37,Low:,1158.27,Close:,1216.49,CHANGE:,4.17%,AMPLITUDE:,6.00%,MA(7):,1195.9,MA(25):,1254.88,MA(99):,1400.16,Vol(ETH):,512.144K,Vol(USDT),617.964M,453.086K,510.581K
11/30/2022,Open:,1216.49,High:,1309.77,Low:,1212.5,Close:,1294.46,CHANGE:,6.41%,AMPLITUDE:,8.00%,MA(7):,1211.6,MA(25):,1241.58,MA(99):,1396.41,Vol(ETH):,815.679K,Vol(USDT),1.039B,478.622K,520.748K
12/1/2022,Open:,1294.46,High:,1299.9,Low:,1262.77,Close:,1276.41,CHANGE:,-1.39%,AMPLITUDE:,2.87%,MA(7):,1221.99,MA(25):,1229.9,MA(99):,1392.57,Vol(ETH):,430.019K,Vol(USDT),550.77M,470.614K,513.568K
12/2/2022,Open:,1276.4,High:,1297.18,Low:,1265.24,Close:,1295.59,CHANGE:,1.50%,AMPLITUDE:,2.50%,MA(7):,1235.74,MA(25):,1219,MA(99):,1388.54,Vol(ETH):,371.56K,Vol(USDT),475.691M,467.775K,514.378K
12/3/2022,Open:,1295.58,High:,1309,Low:,1236.26,Close:,1240.51,CHANGE:,-4.25%,AMPLITUDE:,5.61%,MA(7):,1240.73,MA(25):,1215.23,MA(99):,1385.83,Vol(ETH):,347.148K,Vol(USDT),441.457M,463.105K,524.189K
12/4/2022,Open:,1240.5,High:,1287.19,Low:,1240.1,Close:,1279.41,CHANGE:,3.14%,AMPLITUDE:,3.80%,MA(7):,1252.95,MA(25):,1222.3,MA(99):,1383.7,Vol(ETH):,324.13K,Vol(USDT),409.405M,468.496K,509.405K
12/5/2022,Open:,1279.4,High:,1305.11,Low:,1246.61,Close:,1259.41,CHANGE:,-1.56%,AMPLITUDE:,4.57%,MA(7):,1266.04,MA(25):,1220.7,MA(99):,1382.01,Vol(ETH):,391.629K,Vol(USDT),501.56M,456.044K,471.475K
12/6/2022,Open:,1259.41,High:,1274.76,Low:,1241.56,Close:,1271.32,CHANGE:,0.95%,AMPLITUDE:,2.64%,MA(7):,1273.87,MA(25):,1219.99,MA(99):,1379.17,Vol(ETH):,301.632K,Vol(USDT),379.095M,425.971K,439.529K
12/7/2022,Open:,1271.31,High:,1278.69,Low:,1218.01,Close:,1231.18,CHANGE:,-3.16%,AMPLITUDE:,4.77%,MA(7):,1264.83,MA(25):,1218.94,MA(99):,1376.21,Vol(ETH):,398.56K,Vol(USDT),492.706M,366.382K,422.502K
12/8/2022,Open:,1231.18,High:,1292.58,Low:,1222.01,Close:,1280.18,CHANGE:,3.98%,AMPLITUDE:,5.73%,MA(7):,1265.37,MA(25):,1221.29,MA(99):,1373.44,Vol(ETH):,406.654K,Vol(USDT),509.776M,363.044K,416.829K
12/9/2022,Open:,1280.18,High:,1296.64,Low:,1250,Close:,1263.1,CHANGE:,-1.33%,AMPLITUDE:,3.64%,MA(7):,1260.73,MA(25):,1222.08,MA(99):,1370.18,Vol(ETH):,406.008K,Vol(USDT),518.805M,367.966K,417.87K
12/10/2022,Open:,1263.11,High:,1283.61,Low:,1259.6,Close:,1266.35,CHANGE:,0.26%,AMPLITUDE:,1.90%,MA(7):,1264.42,MA(25):,1222.61,MA(99):,1367.06,Vol(ETH):,182.279K,Vol(USDT),231.302M,344.413K,403.759K
12/11/2022,Open:,1266.35,High:,1284.75,Low:,1255.85,Close:,1263.01,CHANGE:,-0.26%,AMPLITUDE:,2.28%,MA(7):,1262.08,MA(25):,1224.48,MA(99):,1364.08,Vol(ETH):,180.495K,Vol(USDT),229.443M,323.894K,396.195K
12/12/2022,Open:,1263,High:,1278.9,Low:,1240.03,Close:,1275.4,CHANGE:,0.98%,AMPLITUDE:,3.08%,MA(7):,1264.36,MA(25):,1227.48,MA(99):,1361.01,Vol(ETH):,363.751K,Vol(USDT),456.348M,319.911K,387.977K
12/13/2022,Open:,1275.41,High:,1349,Low:,1255.1,Close:,1320.69,CHANGE:,3.55%,AMPLITUDE:,7.36%,MA(7):,1271.42,MA(25):,1231.81,MA(99):,1358.01,Vol(ETH):,659.394K,Vol(USDT),859.595M,371.02K,398.495K
12/14/2022,Open:,1320.69,High:,1352.72,Low:,1301,Close:,1307.44,CHANGE:,-1.00%,AMPLITUDE:,3.92%,MA(7):,1282.31,MA(25):,1235.4,MA(99):,1355.47,Vol(ETH):,554.466K,Vol(USDT),734.779M,393.292K,379.837K
12/15/2022,Open:,1307.45,High:,1311.14,Low:,1259.27,Close:,1266.54,CHANGE:,-3.13%,AMPLITUDE:,3.97%,MA(7):,1280.36,MA(25):,1240.37,MA(99):,1351.8,Vol(ETH):,390.051K,Vol(USDT),499.234M,390.92K,376.982K
12/16/2022,Open:,1266.53,High:,1280.06,Low:,1155.32,Close:,1166.83,CHANGE:,-7.87%,AMPLITUDE:,9.85%,MA(7):,1266.61,MA(25):,1242.75,MA(99):,1347.07,Vol(ETH):,751.422K,Vol(USDT),907.834M,440.265K,404.115K
12/17/2022,Open:,1166.82,High:,1190.03,Low:,1161.92,Close:,1187.16,CHANGE:,1.74%,AMPLITUDE:,2.41%,MA(7):,1255.3,MA(25):,1244.65,MA(99):,1341.7,Vol(ETH):,328.882K,Vol(USDT),387.146M,461.209K,402.811K
12/18/2022,Open:,1187.16,High:,1199.54,Low:,1170.32,Close:,1183.06,CHANGE:,-0.35%,AMPLITUDE:,2.46%,MA(7):,1243.87,MA(25):,1244.59,MA(99):,1335.73,Vol(ETH):,252.26K,Vol(USDT),298.608M,471.461K,397.677K
12/19/2022,Open:,1183.06,High:,1195,Low:,1150.51,Close:,1167.82,CHANGE:,-1.29%,AMPLITUDE:,3.76%,MA(7):,1228.51,MA(25):,1243.16,MA(99):,1329.69,Vol(ETH):,296.833K,Vol(USDT),349.313M,461.901K,390.906K
12/20/2022,Open:,1167.82,High:,1230.47,Low:,1163.12,Close:,1216.94,CHANGE:,4.21%,AMPLITUDE:,5.77%,MA(7):,1213.68,MA(25):,1243.86,MA(99):,1324.65,Vol(ETH):,465.184K,Vol(USDT),561.079M,434.157K,402.588K
12/21/2022,Open:,1216.95,High:,1223.39,Low:,1203.02,Close:,1213.78,CHANGE:,-0.26%,AMPLITUDE:,1.67%,MA(7):,1200.3,MA(25):,1244.19,MA(99):,1321,Vol(ETH):,245.724K,Vol(USDT),297.777M,390.051K,391.672K
12/22/2022,Open:,1213.78,High:,1237.99,Low:,1182.54,Close:,1217.71,CHANGE:,0.32%,AMPLITUDE:,4.57%,MA(7):,1193.33,MA(25):,1245.14,MA(99):,1316.75,Vol(ETH):,336.762K,Vol(USDT),406.52M,382.438K,386.679K
12/23/2022,Open:,1217.72,High:,1231.99,Low:,1210,Close:,1219.99,CHANGE:,0.19%,AMPLITUDE:,1.81%,MA(7):,1200.92,MA(25):,1247.23,MA(99):,1314.2,Vol(ETH):,278.604K,Vol(USDT),340.147M,314.893K,377.579K
12/24/2022,Open:,1219.98,High:,1227.99,Low:,1214.69,Close:,1220.41,CHANGE:,0.03%,AMPLITUDE:,1.09%,MA(7):,1205.67,MA(25):,1247.39,MA(99):,1312.04,Vol(ETH):,123.702K,Vol(USDT),150.864M,285.581K,373.395K
12/25/2022,Open:,1220.42,High:,1225,Low:,1193.18,Close:,1218.51,CHANGE:,-0.16%,AMPLITUDE:,2.61%,MA(7):,1210.74,MA(25):,1244.35,MA(99):,1309.52,Vol(ETH):,231.652K,Vol(USDT),280.833M,282.637K,377.049K
12/26/2022,Open:,1218.52,High:,1231.09,Low:,1211.67,Close:,1228.11,CHANGE:,0.79%,AMPLITUDE:,1.59%,MA(7):,1219.35,MA(25):,1242.42,MA(99):,1308.44,Vol(ETH):,162.723K,Vol(USDT),198.389M,263.479K,362.69K
12/27/2022,Open:,1228.12,High:,1233.73,Low:,1200.58,Close:,1211.55,CHANGE:,-1.35%,AMPLITUDE:,2.70%,MA(7):,1218.58,MA(25):,1239.06,MA(99):,1306.78,Vol(ETH):,262.438K,Vol(USDT),319.1M,234.515K,334.336K
12/28/2022,Open:,1211.55,High:,1215.78,Low:,1181.06,Close:,1190.15,CHANGE:,-1.77%,AMPLITUDE:,2.87%,MA(7):,1215.2,MA(25):,1237.04,MA(99):,1305.44,Vol(ETH):,367.829K,Vol(USDT),439.876M,251.958K,321.005K
12/29/2022,Open:,1190.15,High:,1206.57,Low:,1186.77,Close:,1200.49,CHANGE:,0.87%,AMPLITUDE:,1.66%,MA(7):,1212.74,MA(25):,1233.89,MA(99):,1304.98,Vol(ETH):,249.13K,Vol(USDT),298.245M,239.44K,310.939K
12/30/2022,Open:,1200.48,High:,1202.15,Low:,1181.08,Close:,1199.99,CHANGE:,-0.04%,AMPLITUDE:,1.76%,MA(7):,1209.89,MA(25):,1231.51,MA(99):,1303.7,Vol(ETH):,266.014K,Vol(USDT),317.525M,237.641K,276.267K
12/31/2022,Open:,1199.98,High:,1208.46,Low:,1191.66,Close:,1196.13,CHANGE:,-0.32%,AMPLITUDE:,1.40%,MA(7):,1206.42,MA(25):,1228.5,MA(99):,1302.38,Vol(ETH):,139.379K,Vol(USDT),167.162M,239.881K,262.731K
1/1/2023,Open:,1196.13,High:,1204.67,Low:,1190.57,Close:,1200.34,CHANGE:,0.35%,AMPLITUDE:,1.18%,MA(7):,1203.82,MA(25):,1227.27,MA(99):,1301.2,Vol(ETH):,117.762K,Vol(USDT),141.015M,223.611K,253.124K
1/2/2023,Open:,1200.33,High:,1224.29,Low:,1193,Close:,1214,CHANGE:,1.14%,AMPLITUDE:,2.61%,MA(7):,1201.81,MA(25):,1224.62,MA(99):,1300.39,Vol(ETH):,252.794K,Vol(USDT),306.657M,236.478K,249.978K
1/3/2023,Open:,1213.99,High:,1219.89,Low:,1204.93,Close:,1214.55,CHANGE:,0.05%,AMPLITUDE:,1.23%,MA(7):,1202.24,MA(25):,1222.68,MA(99):,1299.16,Vol(ETH):,205.519K,Vol(USDT),249.325M,228.347K,231.431K
1/4/2023,Open:,1214.56,High:,1272.6,Low:,1212.71,Close:,1256.9,CHANGE:,3.49%,AMPLITUDE:,4.93%,MA(7):,1211.77,MA(25):,1222.3,MA(99):,1298.44,Vol(ETH):,457.8K,Vol(USDT),571.806M,241.2K,246.579K
1/5/2023,Open:,1256.91,High:,1259.95,Low:,1242.81,Close:,1251.24,CHANGE:,-0.45%,AMPLITUDE:,1.36%,MA(7):,1219.02,MA(25):,1221.83,MA(99):,1297.57,Vol(ETH):,272.805K,Vol(USDT),341.38M,244.582K,242.011K
1/6/2023,Open:,1251.25,High:,1276.7,Low:,1236,Close:,1269.14,CHANGE:,1.43%,AMPLITUDE:,3.25%,MA(7):,1228.9,MA(25):,1221.58,MA(99):,1296.9,Vol(ETH):,342.344K,Vol(USDT),429.648M,255.486K,246.564K
1/7/2023,Open:,1269.13,High:,1271.09,Low:,1261.3,Close:,1264.07,CHANGE:,-0.40%,AMPLITUDE:,0.77%,MA(7):,1238.61,MA(25):,1219.31,MA(99):,1296.24,Vol(ETH):,129.474K,Vol(USDT),163.761M,254.071K,246.976K
1/8/2023,Open:,1264.06,High:,1296,Low:,1257.77,Close:,1290.16,CHANGE:,2.06%,AMPLITUDE:,3.02%,MA(7):,1251.44,MA(25):,1218.62,MA(99):,1296.03,Vol(ETH):,213.637K,Vol(USDT),271.373M,267.768K,245.689K
1/9/2023,Open:,1290.15,High:,1344.91,Low:,1285.44,Close:,1320.39,CHANGE:,2.34%,AMPLITUDE:,4.61%,MA(7):,1266.64,MA(25):,1220.78,MA(99):,1296.47,Vol(ETH):,581.728K,Vol(USDT),766.64M,314.758K,275.618K
1/10/2023,Open:,1320.4,High:,1347.69,Low:,1316.8,Close:,1335.62,CHANGE:,1.15%,AMPLITUDE:,2.34%,MA(7):,1283.93,MA(25):,1227.53,MA(99):,1296.59,Vol(ETH):,459.66K,Vol(USDT),611.681M,351.064K,289.705K
1/11/2023,Open:,1335.63,High:,1398,Low:,1321.04,Close:,1389.39,CHANGE:,4.03%,AMPLITUDE:,5.76%,MA(7):,1302.86,MA(25):,1235.62,MA(99):,1296.88,Vol(ETH):,472.466K,Vol(USDT),635.119M,353.159K,297.18K
1/12/2023,Open:,1389.4,High:,1438,Low:,1361.92,Close:,1415.92,CHANGE:,1.91%,AMPLITUDE:,5.48%,MA(7):,1326.38,MA(25):,1244.93,MA(99):,1297.52,Vol(ETH):,877.712K,Vol(USDT),1.232B,439.575K,342.078K
1/13/2023,Open:,1415.91,High:,1464,Low:,1401.03,Close:,1451.2,CHANGE:,2.49%,AMPLITUDE:,4.45%,MA(7):,1352.39,MA(25):,1256.27,MA(99):,1298.52,Vol(ETH):,499.378K,Vol(USDT),709.963M,462.008K,358.747K
1/14/2023,Open:,1451.21,High:,1599.98,Low:,1449.14,Close:,1549.9,CHANGE:,6.80%,AMPLITUDE:,10.39%,MA(7):,1393.23,MA(25):,1269.59,MA(99):,1300.73,Vol(ETH):,940.692K,Vol(USDT),1.444B,577.896K,415.984K
1/15/2023,Open:,1549.91,High:,1566.66,Low:,1516.03,Close:,1552.52,CHANGE:,0.17%,AMPLITUDE:,3.27%,MA(7):,1430.71,MA(25):,1283.14,MA(99):,1303.13,Vol(ETH):,387.833K,Vol(USDT),596.627M,602.781K,435.274K
1/16/2023,Open:,1552.52,High:,1604.5,Low:,1521.31,Close:,1576.94,CHANGE:,1.57%,AMPLITUDE:,5.36%,MA(7):,1467.36,MA(25):,1297.5,MA(99):,1305.69,Vol(ETH):,574.623K,Vol(USDT),897.954M,601.766K,458.262K
1/17/2023,Open:,1576.94,High:,1609,Low:,1541.15,Close:,1565.57,CHANGE:,-0.72%,AMPLITUDE:,4.30%,MA(7):,1500.21,MA(25):,1311.33,MA(99):,1308.47,Vol(ETH):,506.772K,Vol(USDT),797.553M,608.496K,479.78K
1/18/2023,Open:,1565.56,High:,1610,Low:,1501.39,Close:,1511.43,CHANGE:,-3.46%,AMPLITUDE:,6.94%,MA(7):,1517.64,MA(25):,1322.97,MA(99):,1310.81,Vol(ETH):,752.535K,Vol(USDT),1.172B,648.506K,500.833K
1/19/2023,Open:,1511.44,High:,1564.43,Low:,1509.15,Close:,1551.09,CHANGE:,2.62%,AMPLITUDE:,3.66%,MA(7):,1536.95,MA(25):,1336.27,MA(99):,1313.4,Vol(ETH):,308.679K,Vol(USDT),473.221M,567.216K,503.395K
1/20/2023,Open:,1551.09,High:,1669.9,Low:,1542.02,Close:,1658.52,CHANGE:,6.93%,AMPLITUDE:,8.24%,MA(7):,1566.57,MA(25):,1353.49,MA(99):,1317.15,Vol(ETH):,440.571K,Vol(USDT),702.228M,558.815K,510.411K
1/21/2023,Open:,1658.53,High:,1679.26,Low:,1616.21,Close:,1626.66,CHANGE:,-1.92%,AMPLITUDE:,3.80%,MA(7):,1577.53,MA(25):,1370.09,MA(99):,1320.49,Vol(ETH):,494.249K,Vol(USDT),815.99M,495.037K,536.467K
1/22/2023,Open:,1626.65,High:,1663.89,Low:,1604,Close:,1627.44,CHANGE:,0.05%,AMPLITUDE:,3.68%,MA(7):,1588.24,MA(25):,1387.58,MA(99):,1324.05,Vol(ETH):,431.73K,Vol(USDT),703.884M,501.308K,552.045K
1/23/2023,Open:,1627.43,High:,1648.09,Low:,1585.29,Close:,1626.29,CHANGE:,-0.07%,AMPLITUDE:,3.86%,MA(7):,1595.29,MA(25):,1404.62,MA(99):,1327.29,Vol(ETH):,407.267K,Vol(USDT),662.442M,477.4K,539.583K
1/24/2023,Open:,1626.28,High:,1641.46,Low:,1535,Close:,1555.97,CHANGE:,-4.32%,AMPLITUDE:,6.55%,MA(7):,1593.91,MA(25):,1418.86,MA(99):,1329.56,Vol(ETH):,462.275K,Vol(USDT),742.483M,471.044K,539.77K
1/25/2023,Open:,1555.97,High:,1641,Low:,1518,Close:,1611.94,CHANGE:,3.60%,AMPLITUDE:,7.91%,MA(7):,1608.27,MA(25):,1435.49,MA(99):,1332.6,Vol(ETH):,646.475K,Vol(USDT),1.011B,455.892K,552.199K
1/26/2023,Open:,1611.95,High:,1632.84,Low:,1577.43,Close:,1601.09,CHANGE:,-0.67%,AMPLITUDE:,3.44%,MA(7):,1615.42,MA(25):,1451.52,MA(99):,1335.79,Vol(ETH):,532.778K,Vol(USDT),856.294M,487.906K,527.561K
1/27/2023,Open:,1601.08,High:,1621,Low:,1552.54,Close:,1597.62,CHANGE:,-0.22%,AMPLITUDE:,4.28%,MA(7):,1606.72,MA(25):,1466.86,MA(99):,1338.97,Vol(ETH):,512.093K,Vol(USDT),810.894M,498.124K,528.469K
1/28/2023,Open:,1597.61,High:,1606.83,Low:,1555.99,Close:,1572.1,CHANGE:,-1.60%,AMPLITUDE:,3.18%,MA(7):,1598.92,MA(25):,1481.16,MA(99):,1341.72,Vol(ETH):,313.676K,Vol(USDT),496.009M,472.328K,483.683K
1/29/2023,Open:,1572.1,High:,1660,Low:,1566.33,Close:,1644.72,CHANGE:,4.62%,AMPLITUDE:,5.96%,MA(7):,1601.39,MA(25):,1496.68,MA(99):,1345.07,Vol(ETH):,551.768K,Vol(USDT),892.135M,489.476K,495.392K
1/30/2023,Open:,1644.73,High:,1647.53,Low:,1535,Close:,1566.2,CHANGE:,-4.77%,AMPLITUDE:,6.84%,MA(7):,1592.81,MA(25):,1509.28,MA(99):,1347.11,Vol(ETH):,595.055K,Vol(USDT),945.663M,516.303K,496.852K
1/31/2023,Open:,1566.21,High:,1605.18,Low:,1561.63,Close:,1585.33,CHANGE:,1.22%,AMPLITUDE:,2.78%,MA(7):,1597,MA(25):,1521.92,MA(99):,1349.55,Vol(ETH):,348.857K,Vol(USDT),550.862M,500.1K,485.572K
2/1/2023,Open:,1585.32,High:,1647.77,Low:,1555.18,Close:,1641.68,CHANGE:,3.55%,AMPLITUDE:,5.84%,MA(7):,1601.25,MA(25):,1537.03,MA(99):,1351.39,Vol(ETH):,474.617K,Vol(USDT),757.974M,475.549K,465.721K
2/2/2023,Open:,1641.67,High:,1714.68,Low:,1626.85,Close:,1643.12,CHANGE:,0.09%,AMPLITUDE:,5.35%,MA(7):,1607.25,MA(25):,1551.15,MA(99):,1352.17,Vol(ETH):,629.189K,Vol(USDT),1.052B,489.322K,488.614K
2/3/2023,Open:,1643.12,High:,1676,Low:,1625.93,Close:,1663.52,CHANGE:,1.24%,AMPLITUDE:,3.05%,MA(7):,1616.67,MA(25):,1564.87,MA(99):,1353.68,Vol(ETH):,464.815K,Vol(USDT),766.949M,482.568K,490.346K
2/4/2023,Open:,1663.52,High:,1695.29,Low:,1645.43,Close:,1666.38,CHANGE:,0.17%,AMPLITUDE:,3.00%,MA(7):,1630.14,MA(25):,1578.1,MA(99):,1354.81,Vol(ETH):,308.227K,Vol(USDT),514.858M,481.79K,477.059K
2/5/2023,Open:,1666.39,High:,1673.81,Low:,1609.3,Close:,1629.02,CHANGE:,-2.24%,AMPLITUDE:,3.87%,MA(7):,1627.89,MA(25):,1587.69,MA(99):,1354.9,Vol(ETH):,413.58K,Vol(USDT),680.127M,462.049K,475.762K
2/6/2023,Open:,1629.01,High:,1658.56,Low:,1605.01,Close:,1614.29,CHANGE:,-0.90%,AMPLITUDE:,3.29%,MA(7):,1634.76,MA(25):,1595.62,MA(99):,1355.14,Vol(ETH):,384.119K,Vol(USDT),626.831M,431.915K,474.109K
2/7/2023,Open:,1614.28,High:,1678.37,Low:,1613.14,Close:,1671.03,CHANGE:,3.51%,AMPLITUDE:,4.04%,MA(7):,1647.01,MA(25):,1604.41,MA(99):,1356.14,Vol(ETH):,451.922K,Vol(USDT),743.635M,446.639K,473.369K
2/8/2023,Open:,1671.03,High:,1697.91,Low:,1630.47,Close:,1650.43,CHANGE:,-1.23%,AMPLITUDE:,4.04%,MA(7):,1648.26,MA(25):,1608.44,MA(99):,1356.86,Vol(ETH):,417.966K,Vol(USDT),695.793M,438.546K,457.047K
2/9/2023,Open:,1650.42,High:,1656.17,Low:,1524.4,Close:,1545.35,CHANGE:,-6.37%,AMPLITUDE:,7.98%,MA(7):,1634.29,MA(25):,1608.15,MA(99):,1357.14,Vol(ETH):,658.012K,Vol(USDT),1.054B,442.663K,465.993K
2/10/2023,Open:,1545.35,High:,1555.01,Low:,1490,Close:,1513.06,CHANGE:,-2.09%,AMPLITUDE:,4.21%,MA(7):,1612.79,MA(25):,1605.59,MA(99):,1356.95,Vol(ETH):,484.654K,Vol(USDT),743.165M,445.497K,464.033K
2/11/2023,Open:,1513.05,High:,1543,Low:,1505,Close:,1538.51,CHANGE:,1.68%,AMPLITUDE:,2.51%,MA(7):,1594.53,MA(25):,1604.51,MA(99):,1355.88,Vol(ETH):,289.692K,Vol(USDT),440.657M,442.849K,462.32K
2/12/2023,Open:,1538.5,High:,1548.02,Low:,1493.08,Close:,1514.83,CHANGE:,-1.54%,AMPLITUDE:,3.57%,MA(7):,1578.21,MA(25):,1604.65,MA(99):,1354.75,Vol(ETH):,286.758K,Vol(USDT),438.015M,424.732K,443.39K
2/13/2023,Open:,1514.82,High:,1526.1,Low:,1461.93,Close:,1505.24,CHANGE:,-0.63%,AMPLITUDE:,4.24%,MA(7):,1562.64,MA(25):,1602.81,MA(99):,1354.11,Vol(ETH):,643.152K,Vol(USDT),959.644M,461.737K,446.826K
2/14/2023,Open:,1505.25,High:,1569,Low:,1482.66,Close:,1555.71,CHANGE:,3.35%,AMPLITUDE:,5.74%,MA(7):,1546.16,MA(25):,1598.7,MA(99):,1353.99,Vol(ETH):,668.964K,Vol(USDT),1.022B,492.743K,469.691K
2/15/2023,Open:,1555.7,High:,1680,Low:,1542.55,Close:,1674.92,CHANGE:,7.66%,AMPLITUDE:,8.84%,MA(7):,1549.66,MA(25):,1600.63,MA(99):,1357.42,Vol(ETH):,581.208K,Vol(USDT),928.453M,516.063K,477.304K
2/16/2023,Open:,1674.92,High:,1742.97,Low:,1633.72,Close:,1637.84,CHANGE:,-2.21%,AMPLITUDE:,6.52%,MA(7):,1562.87,MA(25):,1601.05,MA(99):,1362.83,Vol(ETH):,832.724K,Vol(USDT),1.408B,541.022K,491.842K
2/17/2023,Open:,1637.83,High:,1722,Low:,1630.51,Close:,1693.87,CHANGE:,3.42%,AMPLITUDE:,5.59%,MA(7):,1588.7,MA(25):,1603.75,MA(99):,1366.81,Vol(ETH):,579.935K,Vol(USDT),970.892M,554.633K,500.065K
2/18/2023,Open:,1693.81,High:,1713.13,Low:,1679.77,Close:,1691.62,CHANGE:,-0.13%,AMPLITUDE:,1.97%,MA(7):,1610.58,MA(25):,1609.18,MA(99):,1370.88,Vol(ETH):,267.306K,Vol(USDT),452.97M,551.435K,497.142K
2/19/2023,Open:,1691.62,High:,1726.59,Low:,1666.14,Close:,1679.75,CHANGE:,-0.70%,AMPLITUDE:,3.57%,MA(7):,1634.14,MA(25):,1611.89,MA(99):,1375.14,Vol(ETH):,401.023K,Vol(USDT),680.092M,567.759K,496.245K
2/20/2023,Open:,1679.74,High:,1719.89,Low:,1650.56,Close:,1703.27,CHANGE:,1.40%,AMPLITUDE:,4.13%,MA(7):,1662.43,MA(25):,1615.98,MA(99):,1380.01,Vol(ETH):,451.315K,Vol(USDT),765.199M,540.353K,501.045K
2/21/2023,Open:,1703.27,High:,1716.66,Low:,1636.3,Close:,1659.76,CHANGE:,-2.55%,AMPLITUDE:,4.72%,MA(7):,1677.29,MA(25):,1618.46,MA(99):,1384.22,Vol(ETH):,520.354K,Vol(USDT),874.137M,519.123K,505.933K
2/22/2023,Open:,1659.77,High:,1666.95,Low:,1595.07,Close:,1643.14,CHANGE:,-1.00%,AMPLITUDE:,4.33%,MA(7):,1672.75,MA(25):,1621.3,MA(99):,1388.16,Vol(ETH):,528.875K,Vol(USDT),861.982M,511.647K,513.855K
2/23/2023,Open:,1643.15,High:,1679,Low:,1628.75,Close:,1650.53,CHANGE:,0.45%,AMPLITUDE:,3.06%,MA(7):,1674.56,MA(25):,1621.54,MA(99):,1392.54,Vol(ETH):,501.306K,Vol(USDT),829.755M,464.302K,502.662K
2/24/2023,Open:,1650.52,High:,1664.66,Low:,1575.64,Close:,1607.8,CHANGE:,-2.59%,AMPLITUDE:,5.39%,MA(7):,1662.27,MA(25):,1623.2,MA(99):,1396.66,Vol(ETH):,512.515K,Vol(USDT),831.165M,454.671K,504.652K
2/25/2023,Open:,1607.8,High:,1608.98,Low:,1557.33,Close:,1594.58,CHANGE:,-0.82%,AMPLITUDE:,3.21%,MA(7):,1648.4,MA(25):,1623.57,MA(99):,1400.52,Vol(ETH):,290.188K,Vol(USDT),462.128M,457.94K,504.687K
2/26/2023,Open:,1594.58,High:,1651.26,Low:,1587.76,Close:,1641.36,CHANGE:,2.93%,AMPLITUDE:,3.98%,MA(7):,1642.92,MA(25):,1623.56,MA(99):,1404.8,Vol(ETH):,308.608K,Vol(USDT),499.002M,444.737K,506.248K
2/27/2023,Open:,1641.37,High:,1665.22,Low:,1608,Close:,1633.45,CHANGE:,-0.48%,AMPLITUDE:,3.49%,MA(7):,1632.95,MA(25):,1623.17,MA(99):,1409.76,Vol(ETH):,431.861K,Vol(USDT),707.841M,441.958K,491.156K
2/28/2023,Open:,1633.45,High:,1647.52,Low:,1596.66,Close:,1605.23,CHANGE:,-1.73%,AMPLITUDE:,3.11%,MA(7):,1625.16,MA(25):,1620.84,MA(99):,1414.79,Vol(ETH):,393.523K,Vol(USDT),640.151M,423.84K,471.482K
3/1/2023,Open:,1605.24,High:,1669.72,Low:,1595,Close:,1665.22,CHANGE:,3.74%,AMPLITUDE:,4.65%,MA(7):,1628.31,MA(25):,1620.79,MA(99):,1420.1,Vol(ETH):,474.457K,Vol(USDT),780.632M,416.066K,463.856K
