2/6/2023,Open:,22932.91,High:,23158.25,Low:,22628.13,Close:,22762.52,CHANGE:,-0.74%,AMPLITUDE:,2.31%,MA(7):,23257.27,MA(25):,22442.83,MA(99):,18594.94,Vol(BTC):,265.372K,Vol(USDT),6.076B,273.277K,276.293K
2/7/2023,Open:,22762.52,High:,23350.25,Low:,22745.78,Close:,23240.46,CHANGE:,2.10%,AMPLITUDE:,2.66%,MA(7):,23273.75,MA(25):,22575.24,MA(99):,18622.71,Vol(BTC):,308.007K,Vol(USDT),7.086B,279.471K,277.354K
2/8/2023,Open:,23242.42,High:,23452,Low:,22665.85,Close:,22963,CHANGE:,-1.19%,AMPLITUDE:,3.38%,MA(7):,23163.8,MA(25):,22655.57,MA(99):,18647.76,Vol(BTC):,280.056K,Vol(USDT),6.458B,275.08K,272.641K
2/9/2023,Open:,22961.85,High:,23011.39,Low:,21688,Close:,21796.35,CHANGE:,-5.08%,AMPLITUDE:,5.76%,MA(7):,22922,MA(25):,22692.56,MA(99):,18664.37,Vol(BTC):,402.895K,Vol(USDT),9.053B,280.611K,280.781K
2/10/2023,Open:,21797.83,High:,21938.16,Low:,21451,Close:,21625.19,CHANGE:,-0.79%,AMPLITUDE:,2.24%,MA(7):,22663.9,MA(25):,22710.14,MA(99):,18678.68,Vol(BTC):,338.592K,Vol(USDT),7.369B,281.471K,284.907K
2/11/2023,Open:,21625.19,High:,21906.32,Low:,21599.78,Close:,21862.55,CHANGE:,1.10%,AMPLITUDE:,1.42%,MA(7):,22454.71,MA(25):,22739.25,MA(99):,18685.9,Vol(BTC):,177.022K,Vol(USDT),3.842B,283.028K,286.972K
2/12/2023,Open:,21862.02,High:,22090,Low:,21630,Close:,21783.54,CHANGE:,-0.36%,AMPLITUDE:,2.10%,MA(7):,22290.52,MA(25):,22783.49,MA(99):,18690.79,Vol(BTC):,204.436K,Vol(USDT),4.47B,282.34K,280.454K
2/13/2023,Open:,21782.37,High:,21894.99,Low:,21351.07,Close:,21773.97,CHANGE:,-0.04%,AMPLITUDE:,2.50%,MA(7):,22149.29,MA(25):,22811.59,MA(99):,18699.56,Vol(BTC):,295.731K,Vol(USDT),6.405B,286.677K,279.977K
2/14/2023,Open:,21774.63,High:,22319.08,Low:,21532.77,Close:,22199.84,CHANGE:,1.96%,AMPLITUDE:,3.61%,MA(7):,22000.63,MA(25):,22792.89,MA(99):,18715.81,Vol(BTC):,361.958K,Vol(USDT),7.938B,294.384K,286.927K
2/15/2023,Open:,22199.84,High:,24380,Low:,22047.28,Close:,24324.05,CHANGE:,9.57%,AMPLITUDE:,10.51%,MA(7):,22195.07,MA(25):,22854.51,MA(99):,18774.16,Vol(BTC):,375.669K,Vol(USDT),8.604B,308.043K,291.562K
2/16/2023,Open:,24322.87,High:,25250,Low:,23505.25,Close:,23517.72,CHANGE:,-3.31%,AMPLITUDE:,7.17%,MA(7):,22440.98,MA(25):,22886.91,MA(99):,18850.88,Vol(BTC):,450.081K,Vol(USDT),11.075B,314.784K,297.698K
2/17/2023,Open:,23517.72,High:,25021.11,Low:,23339.37,Close:,24569.97,CHANGE:,4.47%,AMPLITUDE:,7.15%,MA(7):,22861.66,MA(25):,22953.05,MA(99):,18921.27,Vol(BTC):,496.813K,Vol(USDT),11.969B,337.387K,309.429K
2/18/2023,Open:,24568.24,High:,24877,Low:,24430,Close:,24631.95,CHANGE:,0.25%,AMPLITUDE:,1.82%,MA(7):,23257.29,MA(25):,23033.01,MA(99):,18997.65,Vol(BTC):,216.917K,Vol(USDT),5.34B,343.086K,313.057K
2/19/2023,Open:,24632.05,High:,25192,Low:,24192.57,Close:,24271.76,CHANGE:,-1.46%,AMPLITUDE:,4.06%,MA(7):,23612.75,MA(25):,23081.44,MA(99):,19073,Vol(BTC):,300.396K,Vol(USDT),7.409B,356.795K,319.567K
2/20/2023,Open:,24272.51,High:,25121.23,Low:,23840.83,Close:,24842.2,CHANGE:,2.35%,AMPLITUDE:,5.28%,MA(7):,24051.07,MA(25):,23154.75,MA(99):,19158.98,Vol(BTC):,346.939K,Vol(USDT),8.561B,364.11K,325.394K
2/21/2023,Open:,24843.89,High:,25250,Low:,24148.34,Close:,24452.16,CHANGE:,-1.57%,AMPLITUDE:,4.43%,MA(7):,24372.83,MA(25):,23209.87,MA(99):,19238.1,Vol(BTC):,376.001K,Vol(USDT),9.281B,366.117K,330.25K
2/22/2023,Open:,24450.67,High:,24476.05,Low:,23574.69,Close:,24182.21,CHANGE:,-1.10%,AMPLITUDE:,3.69%,MA(7):,24352.57,MA(25):,23256.25,MA(99):,19311.65,Vol(BTC):,379.426K,Vol(USDT),9.102B,366.653K,337.348K
2/23/2023,Open:,24182.21,High:,24599.59,Low:,23608,Close:,23940.2,CHANGE:,-1.00%,AMPLITUDE:,4.10%,MA(7):,24412.92,MA(25):,23264.17,MA(99):,19385.16,Vol(BTC):,398.4K,Vol(USDT),9.596B,359.27K,337.027K
2/24/2023,Open:,23940.2,High:,24132.35,Low:,22841.19,Close:,23185.29,CHANGE:,-3.15%,AMPLITUDE:,5.39%,MA(7):,24215.11,MA(25):,23278.53,MA(99):,19450.75,Vol(BTC):,343.583K,Vol(USDT),8.088B,337.38K,337.384K
2/25/2023,Open:,23184.04,High:,23219.13,Low:,22722,Close:,23157.07,CHANGE:,-0.12%,AMPLITUDE:,2.14%,MA(7):,24004.41,MA(25):,23279.81,MA(99):,19515.96,Vol(BTC):,191.312K,Vol(USDT),4.406B,333.722K,338.404K
2/26/2023,Open:,23157.07,High:,23689.99,Low:,23059.18,Close:,23554.85,CHANGE:,1.72%,AMPLITUDE:,2.72%,MA(7):,23902,MA(25):,23272.7,MA(99):,19585.2,Vol(BTC):,202.324K,Vol(USDT),4.716B,319.712K,338.254K
2/27/2023,Open:,23554.85,High:,23897.99,Low:,23106.77,Close:,23492.09,CHANGE:,-0.27%,AMPLITUDE:,3.36%,MA(7):,23709.12,MA(25):,23272.82,MA(99):,19658.05,Vol(BTC):,283.706K,Vol(USDT),6.66B,310.679K,337.395K
2/28/2023,Open:,23492.09,High:,23600,Low:,23020.97,Close:,23141.57,CHANGE:,-1.49%,AMPLITUDE:,2.46%,MA(7):,23521.9,MA(25):,23261.21,MA(99):,19732.39,Vol(BTC):,264.141K,Vol(USDT),6.173B,294.699K,330.408K
3/1/2023,Open:,23141.57,High:,24000,Low:,23020.03,Close:,23628.97,CHANGE:,2.11%,AMPLITUDE:,4.23%,MA(7):,23442.86,MA(25):,23273.3,MA(99):,19807.16,Vol(BTC):,315.287K,Vol(USDT),7.442B,285.536K,326.095K
3/2/2023,Open:,23629.76,High:,23796.93,Low:,23195.9,Close:,23465.32,CHANGE:,-0.69%,AMPLITUDE:,2.54%,MA(7):,23375.02,MA(25):,23294.59,MA(99):,19876.47,Vol(BTC):,239.315K,Vol(USDT),5.604B,262.81K,311.04K
3/3/2023,Open:,23465.32,High:,23476.95,Low:,21971.13,Close:,22354.34,CHANGE:,-4.73%,AMPLITUDE:,6.42%,MA(7):,23256.32,MA(25):,23278.26,MA(99):,19934.61,Vol(BTC):,319.954K,Vol(USDT),7.167B,259.434K,298.407K
3/4/2023,Open:,22354.34,High:,22410,Low:,22157.08,Close:,22346.57,CHANGE:,-0.03%,AMPLITUDE:,1.13%,MA(7):,23140.53,MA(25):,23242.51,MA(99):,19993.44,Vol(BTC):,121.257K,Vol(USDT),2.706B,249.426K,291.574K
3/5/2023,Open:,22346.57,High:,22662.09,Low:,22189.22,Close:,22430.24,CHANGE:,0.37%,AMPLITUDE:,2.12%,MA(7):,22979.87,MA(25):,23221.2,MA(99):,20053.76,Vol(BTC):,154.842K,Vol(USDT),3.473B,242.643K,281.178K
3/6/2023,Open:,22430.24,High:,22602.19,Low:,22258,Close:,22410,CHANGE:,-0.09%,AMPLITUDE:,1.53%,MA(7):,22825.29,MA(25):,23245.74,MA(99):,20114.18,Vol(BTC):,203.752K,Vol(USDT),4.569B,231.221K,270.95K
3/7/2023,Open:,22409.41,High:,22557.91,Low:,21927,Close:,22197.96,CHANGE:,-0.95%,AMPLITUDE:,2.82%,MA(7):,22690.49,MA(25):,23268.66,MA(99):,20174.63,Vol(BTC):,292.52K,Vol(USDT),6.518B,235.275K,264.987K
3/8/2023,Open:,22198.56,High:,22287,Low:,21580,Close:,21705.44,CHANGE:,-2.22%,AMPLITUDE:,3.18%,MA(7):,22415.7,MA(25):,23262.37,MA(99):,20227.79,Vol(BTC):,301.461K,Vol(USDT),6.641B,233.3K,259.418K
3/9/2023,Open:,21704.37,High:,21834.99,Low:,20042.72,Close:,20362.22,CHANGE:,-6.19%,AMPLITUDE:,8.26%,MA(7):,21972.4,MA(25):,23205.52,MA(99):,20260.1,Vol(BTC):,443.658K,Vol(USDT),9.403B,262.492K,262.651K
3/10/2023,Open:,20362.21,High:,20367.78,Low:,19549.09,Close:,20150.69,CHANGE:,-1.04%,AMPLITUDE:,4.02%,MA(7):,21657.59,MA(25):,23140.59,MA(99):,20292.16,Vol(BTC):,618.456K,Vol(USDT),12.345B,305.135K,282.285K
3/11/2023,Open:,20150.69,High:,20686.51,Low:,19765.03,Close:,20455.73,CHANGE:,1.51%,AMPLITUDE:,4.57%,MA(7):,21387.47,MA(25):,23070.82,MA(99):,20326.13,Vol(BTC):,427.832K,Vol(USDT),8.652B,348.932K,299.179K
3/12/2023,Open:,20455.73,High:,22150,Low:,20270.6,Close:,21997.11,CHANGE:,7.54%,AMPLITUDE:,9.19%,MA(7):,21325.59,MA(25):,22977.75,MA(99):,20377.76,Vol(BTC):,430.945K,Vol(USDT),8.982B,388.375K,315.509K
3/13/2023,Open:,21998.05,High:,24500,Low:,21813.88,Close:,24113.48,CHANGE:,9.62%,AMPLITUDE:,12.21%,MA(7):,21568.95,MA(25):,23001.58,MA(99):,20448.55,Vol(BTC):,687.889K,Vol(USDT),15.825B,457.537K,344.379K
3/14/2023,Open:,24112.27,High:,26386.87,Low:,23976.42,Close:,24670.41,CHANGE:,2.31%,AMPLITUDE:,10.00%,MA(7):,21922.15,MA(25):,23005.59,MA(99):,20526.37,Vol(BTC):,699.361K,Vol(USDT),17.465B,515.657K,375.466K
3/15/2023,Open:,24670.41,High:,25196.97,Low:,23896.95,Close:,24285.66,CHANGE:,-1.56%,AMPLITUDE:,5.27%,MA(7):,22290.76,MA(25):,22991.74,MA(99):,20599.06,Vol(BTC):,581.451K,Vol(USDT),14.291B,555.656K,394.478K
3/16/2023,Open:,24285.66,High:,25167.4,Low:,24123,Close:,24998.78,CHANGE:,2.94%,AMPLITUDE:,4.30%,MA(7):,22953.12,MA(25):,23020.82,MA(99):,20681.51,Vol(BTC):,439.421K,Vol(USDT),10.847B,555.051K,408.771K
3/17/2023,Open:,24998.78,High:,27756.84,Low:,24890,Close:,27395.13,CHANGE:,9.59%,AMPLITUDE:,11.47%,MA(7):,23988.04,MA(25):,23122.94,MA(99):,20784.24,Vol(BTC):,624.461K,Vol(USDT),16.477B,555.909K,430.522K
3/18/2023,Open:,27395.13,High:,27724.85,Low:,26578,Close:,26907.49,CHANGE:,-1.78%,AMPLITUDE:,4.19%,MA(7):,24909.72,MA(25):,23221.15,MA(99):,20883.02,Vol(BTC):,371.239K,Vol(USDT),10.136B,547.824K,448.378K
3/19/2023,Open:,26907.49,High:,28390.1,Low:,26827.22,Close:,27972.87,CHANGE:,3.96%,AMPLITUDE:,5.81%,MA(7):,25763.4,MA(25):,23372.78,MA(99):,20992.57,Vol(BTC):,372.067K,Vol(USDT),10.265B,539.413K,463.894K
3/20/2023,Open:,27972.87,High:,28472,Low:,27124.47,Close:,27717.01,CHANGE:,-0.91%,AMPLITUDE:,4.82%,MA(7):,26278.19,MA(25):,23523.85,MA(99):,21099.96,Vol(BTC):,477.378K,Vol(USDT),13.3B,509.34K,483.439K
3/21/2023,Open:,27717.01,High:,28438.55,Low:,27303.1,Close:,28105.47,CHANGE:,1.40%,AMPLITUDE:,4.10%,MA(7):,26768.92,MA(25):,23720.66,MA(99):,21210.02,Vol(BTC):,420.93K,Vol(USDT),11.76B,469.564K,492.611K
3/22/2023,Open:,28107.81,High:,28868.05,Low:,26601.8,Close:,27250.97,CHANGE:,-3.04%,AMPLITUDE:,8.06%,MA(7):,27192.53,MA(25):,23884.41,MA(99):,21305.74,Vol(BTC):,224.113K,Vol(USDT),6.272B,418.516K,487.086K
3/23/2023,Open:,27250.97,High:,28750,Low:,27105,Close:,28295.41,CHANGE:,3.83%,AMPLITUDE:,6.04%,MA(7):,27663.48,MA(25):,24074.04,MA(99):,21411.72,Vol(BTC):,128.65K,Vol(USDT),3.591B,374.12K,464.585K
3/24/2023,Open:,28295.42,High:,28374.3,Low:,27000,Close:,27454.47,CHANGE:,-2.97%,AMPLITUDE:,4.86%,MA(7):,27671.96,MA(25):,24232.53,MA(99):,21513.72,Vol(BTC):,86.242K,Vol(USDT),2.403B,297.231K,426.57K
3/25/2023,Open:,27454.46,High:,27787.33,Low:,27156.09,Close:,27462.95,CHANGE:,0.03%,AMPLITUDE:,2.30%,MA(7):,27751.31,MA(25):,24405.39,MA(99):,21623.13,Vol(BTC):,50.844K,Vol(USDT),1.397B,251.461K,399.642K
3/26/2023,Open:,27462.96,High:,28194.4,Low:,27417.76,Close:,27968.05,CHANGE:,1.84%,AMPLITUDE:,2.83%,MA(7):,27750.62,MA(25):,24578.95,MA(99):,21736.17,Vol(BTC):,49.672K,Vol(USDT),1.381B,205.404K,372.408K
3/27/2023,Open:,27968.05,High:,28023.86,Low:,26508.14,Close:,27124.91,CHANGE:,-3.01%,AMPLITUDE:,5.42%,MA(7):,27666.03,MA(25):,24725.33,MA(99):,21841.09,Vol(BTC):,88.039K,Vol(USDT),2.407B,149.784K,329.562K
3/28/2023,Open:,27124.9,High:,27520,Low:,26631.78,Close:,27261.07,CHANGE:,0.50%,AMPLITUDE:,3.27%,MA(7):,27545.4,MA(25):,24921.6,MA(99):,21950.4,Vol(BTC):,78.602K,Vol(USDT),2.125B,100.88K,285.222K
3/29/2023,Open:,27261.06,High:,28650,Low:,27240.1,Close:,28348.6,CHANGE:,3.99%,AMPLITUDE:,5.17%,MA(7):,27702.21,MA(25):,25161.68,MA(99):,22066.09,Vol(BTC):,89.486K,Vol(USDT),2.52B,81.648K,250.082K
3/30/2023,Open:,28348.6,High:,29184.68,Low:,27686,Close:,28028.53,CHANGE:,-1.13%,AMPLITUDE:,5.29%,MA(7):,27664.08,MA(25):,25385.62,MA(99):,22179.26,Vol(BTC):,98.865K,Vol(USDT),2.808B,77.393K,225.756K
3/31/2023,Open:,28028.53,High:,28656.69,Low:,27511.71,Close:,28465.36,CHANGE:,1.56%,AMPLITUDE:,4.09%,MA(7):,27808.5,MA(25):,25627.83,MA(99):,22296.88,Vol(BTC):,78.198K,Vol(USDT),2.203B,76.244K,186.738K
4/1/2023,Open:,28465.36,High:,28819.71,Low:,28220.27,Close:,28452.73,CHANGE:,-0.04%,AMPLITUDE:,2.11%,MA(7):,27949.89,MA(25):,25878.02,MA(99):,22414.8,Vol(BTC):,30.238K,Vol(USDT),860.804M,73.3K,162.38K
4/2/2023,Open:,28452.74,High:,28530,Low:,27856.43,Close:,28171.87,CHANGE:,-0.99%,AMPLITUDE:,2.37%,MA(7):,27979.01,MA(25):,26136.68,MA(99):,22529.3,Vol(BTC):,37.366K,Vol(USDT),1.054B,71.542K,138.473K
4/3/2023,Open:,28171.87,High:,28500.99,Low:,27200.24,Close:,27800,CHANGE:,-1.32%,AMPLITUDE:,4.62%,MA(7):,28075.45,MA(25):,26434.19,MA(99):,22640.09,Vol(BTC):,79.18K,Vol(USDT),2.214B,70.277K,110.03K
4/4/2023,Open:,27800,High:,28444.44,Low:,27662.79,Close:,28165.47,CHANGE:,1.31%,AMPLITUDE:,2.81%,MA(7):,28204.65,MA(25):,26754.78,MA(99):,22753.68,Vol(BTC):,49.723K,Vol(USDT),1.397B,66.151K,83.516K
4/5/2023,Open:,28165.47,High:,28775,Low:,27805.1,Close:,28170.01,CHANGE:,0.02%,AMPLITUDE:,3.44%,MA(7):,28179.14,MA(25):,27063.35,MA(99):,22869.48,Vol(BTC):,60.738K,Vol(USDT),1.721B,62.044K,71.846K
4/6/2023,Open:,28170.01,High:,28182.05,Low:,27711,Close:,28033.82,CHANGE:,-0.48%,AMPLITUDE:,1.67%,MA(7):,28179.89,MA(25):,27304.82,MA(99):,22985.5,Vol(BTC):,40.119K,Vol(USDT),1.123B,53.652K,65.522K
4/7/2023,Open:,28033.83,High:,28100,Low:,27766.94,Close:,27906.33,CHANGE:,-0.45%,AMPLITUDE:,1.19%,MA(7):,28100.03,MA(25):,27456.53,MA(99):,23099.37,Vol(BTC):,24.762K,Vol(USDT),691.324M,46.018K,61.131K
4/8/2023,Open:,27906.34,High:,28154.99,Low:,27859.02,Close:,27938.38,CHANGE:,0.11%,AMPLITUDE:,1.06%,MA(7):,28026.55,MA(25):,27587.25,MA(99):,23213.83,Vol(BTC):,19.48K,Vol(USDT),545.325M,44.481K,58.891K
4/9/2023,Open:,27938.38,High:,28530,Low:,27800,Close:,28323.76,CHANGE:,1.38%,AMPLITUDE:,2.61%,MA(7):,28048.25,MA(25):,27748.78,MA(99):,23332.83,Vol(BTC):,32.531K,Vol(USDT),913.916M,43.79K,57.666K
4/10/2023,Open:,28323.76,High:,29770,Low:,28170,Close:,29637.34,CHANGE:,4.64%,AMPLITUDE:,5.65%,MA(7):,28310.73,MA(25):,27934.32,MA(99):,23464.35,Vol(BTC):,67.754K,Vol(USDT),1.955B,42.158K,56.217K
4/11/2023,Open:,29637.35,High:,30550,Low:,29590,Close:,30200.42,CHANGE:,1.90%,AMPLITUDE:,3.24%,MA(7):,28601.44,MA(25):,28046.53,MA(99):,23600.99,Vol(BTC):,67.99K,Vol(USDT),2.046B,44.768K,55.459K
4/12/2023,Open:,30200.43,High:,30486,Low:,29637.4,Close:,29888.07,CHANGE:,-1.03%,AMPLITUDE:,2.81%,MA(7):,28846.87,MA(25):,28165.75,MA(99):,23734.46,Vol(BTC):,62.049K,Vol(USDT),1.863B,44.955K,53.5K
4/13/2023,Open:,29888.07,High:,30595,Low:,29854.59,Close:,30373.84,CHANGE:,1.63%,AMPLITUDE:,2.48%,MA(7):,29181.16,MA(25):,28261.79,MA(99):,23871.06,Vol(BTC):,51.934K,Vol(USDT),1.571B,46.643K,50.147K
4/14/2023,Open:,30373.84,High:,31000,Low:,29966,Close:,30466.93,CHANGE:,0.31%,AMPLITUDE:,3.40%,MA(7):,29546.96,MA(25):,28371.79,MA(99):,24008.78,Vol(BTC):,75.984K,Vol(USDT),2.323B,53.96K,49.989K
4/15/2023,Open:,30466.93,High:,30595.6,Low:,30202,Close:,30295.09,CHANGE:,-0.56%,AMPLITUDE:,1.29%,MA(7):,29883.64,MA(25):,28459.38,MA(99):,24143.58,Vol(BTC):,25.43K,Vol(USDT),772.211M,54.81K,49.646K
4/16/2023,Open:,30295.1,High:,30549.99,Low:,30120,Close:,30304.65,CHANGE:,0.03%,AMPLITUDE:,1.42%,MA(7):,30166.62,MA(25):,28581.52,MA(99):,24278.54,Vol(BTC):,26.432K,Vol(USDT),801.323M,53.939K,48.865K
4/17/2023,Open:,30304.66,High:,30316.06,Low:,29240.65,Close:,29430.27,CHANGE:,-2.89%,AMPLITUDE:,3.55%,MA(7):,30137.04,MA(25):,28626.92,MA(99):,24402.8,Vol(BTC):,56.442K,Vol(USDT),1.675B,52.323K,47.241K
4/18/2023,Open:,29430.27,High:,30485,Low:,29096.78,Close:,30380.01,CHANGE:,3.23%,AMPLITUDE:,4.72%,MA(7):,30162.69,MA(25):,28743.94,MA(99):,24536.16,Vol(BTC):,62.005K,Vol(USDT),1.861B,51.468K,48.118K
4/19/2023,Open:,30380.01,High:,30413.53,Low:,28520,Close:,28797.1,CHANGE:,-5.21%,AMPLITUDE:,6.23%,MA(7):,30006.84,MA(25):,28797.3,MA(99):,24650.87,Vol(BTC):,86.575K,Vol(USDT),2.541B,54.972K,49.963K
4/20/2023,Open:,28797.1,High:,29088.3,Low:,28010,Close:,28243.65,CHANGE:,-1.92%,AMPLITUDE:,3.74%,MA(7):,29702.53,MA(25):,28808.33,MA(99):,24754.91,Vol(BTC):,76.879K,Vol(USDT),2.199B,58.535K,52.589K
4/21/2023,Open:,28243.65,High:,28374.02,Low:,27125,Close:,27262.84,CHANGE:,-3.47%,AMPLITUDE:,4.42%,MA(7):,29244.8,MA(25):,28813.85,MA(99):,24839.92,Vol(BTC):,77.685K,Vol(USDT),2.165B,58.778K,56.369K
4/22/2023,Open:,27262.84,High:,27882.72,Low:,27140.35,Close:,27816.85,CHANGE:,2.03%,AMPLITUDE:,2.72%,MA(7):,28890.77,MA(25):,28836.08,MA(99):,24919.59,Vol(BTC):,36.024K,Vol(USDT),989.379M,60.292K,57.551K
4/23/2023,Open:,27816.85,High:,27816.85,Low:,27311.25,Close:,27590.6,CHANGE:,-0.81%,AMPLITUDE:,1.82%,MA(7):,28503.05,MA(25):,28805.76,MA(99):,24986.62,Vol(BTC):,34.812K,Vol(USDT),959.39M,61.489K,57.714K
4/24/2023,Open:,27590.59,High:,28000,Low:,26942.82,Close:,27510.93,CHANGE:,-0.29%,AMPLITUDE:,3.83%,MA(7):,28228.85,MA(25):,28785.05,MA(99):,25053.68,Vol(BTC):,53.112K,Vol(USDT),1.458B,61.013K,56.668K
4/25/2023,Open:,27510.93,High:,28399.99,Low:,27192,Close:,28300.79,CHANGE:,2.87%,AMPLITUDE:,4.39%,MA(7):,27931.82,MA(25):,28778.47,MA(99):,25125.55,Vol(BTC):,52.325K,Vol(USDT),1.446B,59.63K,55.549K
4/26/2023,Open:,28300.8,High:,30036,Low:,27235,Close:,28415.29,CHANGE:,0.40%,AMPLITUDE:,9.90%,MA(7):,27877.28,MA(25):,28776.97,MA(99):,25199.09,Vol(BTC):,129.228K,Vol(USDT),3.72B,65.724K,60.348K
4/27/2023,Open:,28415.29,High:,29890,Low:,28378.86,Close:,29472.77,CHANGE:,3.72%,AMPLITUDE:,5.32%,MA(7):,28052.87,MA(25):,28829.01,MA(99):,25287.93,Vol(BTC):,95.431K,Vol(USDT),2.785B,68.374K,63.455K
4/28/2023,Open:,29472.77,High:,29599.54,Low:,28891,Close:,29311.7,CHANGE:,-0.55%,AMPLITUDE:,2.40%,MA(7):,28345.56,MA(25):,28889.48,MA(99):,25371.17,Vol(BTC):,54.298K,Vol(USDT),1.591B,65.033K,61.906K
4/29/2023,Open:,29311.69,High:,29448.88,Low:,29031,Close:,29230.45,CHANGE:,-0.28%,AMPLITUDE:,1.43%,MA(7):,28547.5,MA(25):,28932.08,MA(99):,25437.46,Vol(BTC):,20.467K,Vol(USDT),599.467M,62.81K,61.551K
4/30/2023,Open:,29230.45,High:,29969.39,Low:,29079.59,Close:,29233.21,CHANGE:,0.01%,AMPLITUDE:,3.04%,MA(7):,28782.16,MA(25):,28974.6,MA(99):,25502.61,Vol(BTC):,39.753K,Vol(USDT),1.172B,63.516K,62.503K
5/1/2023,Open:,29233.2,High:,29337.34,Low:,27666.95,Close:,28068.26,CHANGE:,-3.99%,AMPLITUDE:,5.71%,MA(7):,28861.78,MA(25):,28975.98,MA(99):,25556.75,Vol(BTC):,64.434K,Vol(USDT),1.828B,65.134K,63.073K
5/2/2023,Open:,28068.26,High:,28879.88,Low:,27872,Close:,28669.86,CHANGE:,2.14%,AMPLITUDE:,3.59%,MA(7):,28914.51,MA(25):,29006.52,MA(99):,25614.87,Vol(BTC):,50.825K,Vol(USDT),1.442B,64.919K,62.275K
5/3/2023,Open:,28669.85,High:,29266.66,Low:,28113.69,Close:,29026.16,CHANGE:,1.24%,AMPLITUDE:,4.02%,MA(7):,29001.77,MA(25):,29050.03,MA(99):,25679.45,Vol(BTC):,64.616K,Vol(USDT),1.846B,55.689K,60.706K
5/4/2023,Open:,29026.16,High:,29379.83,Low:,28663.64,Close:,28838.16,CHANGE:,-0.65%,AMPLITUDE:,2.47%,MA(7):,28911.11,MA(25):,29070.61,MA(99):,25737.8,Vol(BTC):,42.575K,Vol(USDT),1.234B,48.138K,58.256K
5/5/2023,Open:,28838.16,High:,29677,Low:,28800,Close:,29505.61,CHANGE:,2.31%,AMPLITUDE:,3.04%,MA(7):,28938.82,MA(25):,29065.34,MA(99):,25803.42,Vol(BTC):,58.416K,Vol(USDT),1.71B,48.726K,56.88K
5/6/2023,Open:,29505.6,High:,29820,Low:,28300,Close:,28848.2,CHANGE:,-2.23%,AMPLITUDE:,5.15%,MA(7):,28884.21,MA(25):,29011.25,MA(99):,25861.74,Vol(BTC):,49.249K,Vol(USDT),1.43B,52.838K,57.824K
5/7/2023,Open:,28848.19,High:,29138.29,Low:,28395.23,Close:,28430.1,CHANGE:,-1.45%,AMPLITUDE:,2.58%,MA(7):,28769.48,MA(25):,28952.93,MA(99):,25916.36,Vol(BTC):,30.003K,Vol(USDT),865.839M,51.445K,57.481K
5/8/2023,Open:,28430.09,High:,28631.01,Low:,27262,Close:,27668.79,CHANGE:,-2.68%,AMPLITUDE:,4.82%,MA(7):,28712.41,MA(25):,28844.73,MA(99):,25956.03,Vol(BTC):,68.244K,Vol(USDT),1.903B,51.99K,58.562K
5/9/2023,Open:,27668.8,High:,27818,Low:,27353,Close:,27628.27,CHANGE:,-0.15%,AMPLITUDE:,1.68%,MA(7):,28563.61,MA(25):,28731.18,MA(99):,26004.53,Vol(BTC):,40.113K,Vol(USDT),1.107B,50.46K,57.689K
5/10/2023,Open:,27628.28,High:,28331.42,Low:,26777,Close:,27598.75,CHANGE:,-0.11%,AMPLITUDE:,5.63%,MA(7):,28359.7,MA(25):,28623.33,MA(99):,26049.72,Vol(BTC):,71.155K,Vol(USDT),1.971B,51.394K,53.541K
5/11/2023,Open:,27598.74,High:,27630.14,Low:,26702.05,Close:,26968.62,CHANGE:,-2.28%,AMPLITUDE:,3.36%,MA(7):,28092.62,MA(25):,28489.89,MA(99):,26082.41,Vol(BTC):,47.635K,Vol(USDT),1.296B,52.117K,50.127K
5/12/2023,Open:,26968.61,High:,27091.12,Low:,25811.46,Close:,26795.01,CHANGE:,-0.64%,AMPLITUDE:,4.74%,MA(7):,27705.39,MA(25):,28384.48,MA(99):,26115.8,Vol(BTC):,67.208K,Vol(USDT),1.777B,53.373K,51.05K
5/13/2023,Open:,26795.01,High:,27045.45,Low:,26692.03,Close:,26775.28,CHANGE:,-0.07%,AMPLITUDE:,1.32%,MA(7):,27409.26,MA(25):,28240.29,MA(99):,26149.57,Vol(BTC):,22.815K,Vol(USDT),612.063M,49.596K,51.217K
5/14/2023,Open:,26775.27,High:,27200,Low:,26560.53,Close:,26917.62,CHANGE:,0.53%,AMPLITUDE:,2.39%,MA(7):,27193.19,MA(25):,28165.11,MA(99):,26185.84,Vol(BTC):,21.595K,Vol(USDT),580.802M,48.395K,49.92K
5/15/2023,Open:,26917.61,High:,27663.59,Low:,26726,Close:,27162.14,CHANGE:,0.91%,AMPLITUDE:,3.48%,MA(7):,27120.81,MA(25):,28121.85,MA(99):,26228.56,Vol(BTC):,40.43K,Vol(USDT),1.105B,44.422K,48.206K
5/16/2023,Open:,27162.15,High:,27296.89,Low:,26852.11,Close:,27033.84,CHANGE:,-0.47%,AMPLITUDE:,1.64%,MA(7):,27035.89,MA(25):,28112.69,MA(99):,26271.71,Vol(BTC):,33.27K,Vol(USDT),900.273M,43.444K,46.952K
5/17/2023,Open:,27033.85,High:,27500,Low:,26544.71,Close:,27405.61,CHANGE:,1.38%,AMPLITUDE:,3.53%,MA(7):,27008.3,MA(25):,28096.24,MA(99):,26313.78,Vol(BTC):,42.959K,Vol(USDT),1.16B,39.416K,45.405K
5/18/2023,Open:,27405.62,High:,27485.33,Low:,26361.2,Close:,26821.28,CHANGE:,-2.13%,AMPLITUDE:,4.10%,MA(7):,26987.25,MA(25):,28065.47,MA(99):,26352.75,Vol(BTC):,49.199K,Vol(USDT),1.331B,39.639K,45.878K
5/19/2023,Open:,26821.28,High:,27183.6,Low:,26630,Close:,26880.26,CHANGE:,0.22%,AMPLITUDE:,2.06%,MA(7):,26999.43,MA(25):,28040.24,MA(99):,26404.1,Vol(BTC):,28.754K,Vol(USDT),772.865M,34.146K,43.759K
5/20/2023,Open:,26880.26,High:,27150,Low:,26825.11,Close:,27102.43,CHANGE:,0.83%,AMPLITUDE:,1.21%,MA(7):,27046.17,MA(25):,27992.31,MA(99):,26459.43,Vol(BTC):,14.435K,Vol(USDT),389.226M,32.949K,41.273K
5/21/2023,Open:,27102.42,High:,27277.55,Low:,26666.03,Close:,26747.78,CHANGE:,-1.31%,AMPLITUDE:,2.26%,MA(7):,27021.91,MA(25):,27925.61,MA(99):,26508.78,Vol(BTC):,21.348K,Vol(USDT),575.214M,32.914K,40.654K
5/22/2023,Open:,26747.78,High:,27099.89,Low:,26538.21,Close:,26849.27,CHANGE:,0.38%,AMPLITUDE:,2.10%,MA(7):,26977.21,MA(25):,27820.67,MA(99):,26559.95,Vol(BTC):,26.459K,Vol(USDT),709.595M,30.918K,37.67K
5/23/2023,Open:,26849.28,High:,27495.83,Low:,26798.11,Close:,27219.61,CHANGE:,1.38%,AMPLITUDE:,2.60%,MA(7):,27003.75,MA(25):,27736.98,MA(99):,26614.95,Vol(BTC):,38.701K,Vol(USDT),1.055B,31.693K,37.569K
5/24/2023,Open:,27219.61,High:,27219.61,Low:,26080.5,Close:,26329.01,CHANGE:,-3.27%,AMPLITUDE:,4.18%,MA(7):,26849.95,MA(25):,27620.93,MA(99):,26656.66,Vol(BTC):,54.393K,Vol(USDT),1.443B,33.327K,36.371K
5/25/2023,Open:,26329,High:,26631.98,Low:,25871.89,Close:,26473.79,CHANGE:,0.55%,AMPLITUDE:,2.89%,MA(7):,26800.31,MA(25):,27510.55,MA(99):,26678.38,Vol(BTC):,37.435K,Vol(USDT),984.118M,31.646K,35.643K
5/26/2023,Open:,26473.8,High:,26932.16,Low:,26327.24,Close:,26705.92,CHANGE:,0.88%,AMPLITUDE:,2.28%,MA(7):,26775.4,MA(25):,27456.05,MA(99):,26710.58,Vol(BTC):,35.061K,Vol(USDT),932.818M,32.547K,33.347K
5/27/2023,Open:,26705.93,High:,26895,Low:,26551,Close:,26854.27,CHANGE:,0.56%,AMPLITUDE:,1.29%,MA(7):,26739.95,MA(25):,27383.43,MA(99):,26733.65,Vol(BTC):,15.096K,Vol(USDT),403.337M,32.642K,32.795K
5/28/2023,Open:,26854.28,High:,28261.32,Low:,26764.36,Close:,28065,CHANGE:,4.51%,AMPLITUDE:,5.57%,MA(7):,26928.12,MA(25):,27344.98,MA(99):,26768.33,Vol(BTC):,43.916K,Vol(USDT),1.206B,35.866K,34.39K
5/29/2023,Open:,28065.01,High:,28447.14,Low:,27524.6,Close:,27736.4,CHANGE:,-1.17%,AMPLITUDE:,3.29%,MA(7):,27054.86,MA(25):,27300.91,MA(99):,26803.33,Vol(BTC):,42.385K,Vol(USDT),1.183B,38.141K,34.529K
5/30/2023,Open:,27736.39,High:,28038.59,Low:,27554,Close:,27694.4,CHANGE:,-0.15%,AMPLITUDE:,1.75%,MA(7):,27122.68,MA(25):,27228.47,MA(99):,26832.14,Vol(BTC):,32.687K,Vol(USDT),908.654M,37.282K,34.488K
5/31/2023,Open:,27694.39,High:,27835.51,Low:,26839.01,Close:,27210.35,CHANGE:,-1.75%,AMPLITUDE:,3.60%,MA(7):,27248.59,MA(25):,27162.95,MA(99):,26860,Vol(BTC):,46.589K,Vol(USDT),1.266B,36.167K,34.747K
6/1/2023,Open:,27210.36,High:,27350,Low:,26605.05,Close:,26817.93,CHANGE:,-1.44%,AMPLITUDE:,2.74%,MA(7):,27297.75,MA(25):,27098.47,MA(99):,26886.62,Vol(BTC):,39.218K,Vol(USDT),1.055B,36.422K,34.034K
6/2/2023,Open:,26817.93,High:,27300,Low:,26505,Close:,27242.59,CHANGE:,1.58%,AMPLITUDE:,2.96%,MA(7):,27374.42,MA(25):,27081.42,MA(99):,26919.98,Vol(BTC):,36.381K,Vol(USDT),983.857M,36.61K,34.579K
6/3/2023,Open:,27242.59,High:,27333.29,Low:,26914.93,Close:,27069.22,CHANGE:,-0.64%,AMPLITUDE:,1.54%,MA(7):,27405.13,MA(25):,27059.06,MA(99):,26959.21,Vol(BTC):,16.595K,Vol(USDT),450.589M,36.824K,34.733K
6/4/2023,Open:,27069.22,High:,27455.02,Low:,26951,Close:,27115.21,CHANGE:,0.17%,AMPLITUDE:,1.86%,MA(7):,27269.44,MA(25):,27039.71,MA(99):,26999.19,Vol(BTC):,19.258K,Vol(USDT),523.747M,33.302K,34.584K
6/5/2023,Open:,27115.2,High:,27129.33,Low:,25388,Close:,25728.2,CHANGE:,-5.12%,AMPLITUDE:,6.42%,MA(7):,26982.56,MA(25):,26990.1,MA(99):,27021.14,Vol(BTC):,65.806K,Vol(USDT),1.723B,36.648K,37.394K
6/6/2023,Open:,25728.2,High:,27355.33,Low:,25351.02,Close:,27230.08,CHANGE:,5.84%,AMPLITUDE:,7.79%,MA(7):,26916.23,MA(25):,27007.5,MA(99):,27058.9,Vol(BTC):,68.393K,Vol(USDT),1.798B,41.748K,39.515K
6/7/2023,Open:,27230.07,High:,27391.77,Low:,26125.01,Close:,26339.34,CHANGE:,-3.27%,AMPLITUDE:,4.65%,MA(7):,26791.8,MA(25):,26990.06,MA(99):,27091.2,Vol(BTC):,59.619K,Vol(USDT),1.589B,43.61K,39.889K
6/8/2023,Open:,26339.34,High:,26810,Low:,26210,Close:,26498.61,CHANGE:,0.60%,AMPLITUDE:,2.28%,MA(7):,26746.18,MA(25):,26973.3,MA(99):,27120.19,Vol(BTC):,31.076K,Vol(USDT),823.024M,42.447K,39.434K
6/9/2023,Open:,26498.62,High:,26783.33,Low:,26269.91,Close:,26477.81,CHANGE:,-0.08%,AMPLITUDE:,1.94%,MA(7):,26636.92,MA(25):,26945.93,MA(99):,27150.62,Vol(BTC):,27.935K,Vol(USDT),741.158M,41.24K,38.925K
6/10/2023,Open:,26477.8,High:,26533.87,Low:,25358,Close:,25841.21,CHANGE:,-2.40%,AMPLITUDE:,4.44%,MA(7):,26461.49,MA(25):,26898.22,MA(99):,27185.84,Vol(BTC):,64.945K,Vol(USDT),1.674B,48.147K,42.486K
6/11/2023,Open:,25841.22,High:,26206.88,Low:,25634.7,Close:,25925.55,CHANGE:,0.33%,AMPLITUDE:,2.21%,MA(7):,26291.54,MA(25):,26839.02,MA(99):,27221.99,Vol(BTC):,30.014K,Vol(USDT),776.111M,49.684K,41.493K
6/12/2023,Open:,25925.54,High:,26106.48,Low:,25602.11,Close:,25905.19,CHANGE:,-0.08%,AMPLITUDE:,1.95%,MA(7):,26316.83,MA(25):,26802.38,MA(99):,27257.09,Vol(BTC):,29.901K,Vol(USDT),773.304M,44.555K,40.601K
6/13/2023,Open:,25905.2,High:,26433.21,Low:,25712.57,Close:,25934.25,CHANGE:,0.11%,AMPLITUDE:,2.78%,MA(7):,26131.71,MA(25):,26764.54,MA(99):,27292.69,Vol(BTC):,41.066K,Vol(USDT),1.069B,40.651K,41.2K
6/14/2023,Open:,25934.24,High:,26098,Low:,24820.56,Close:,25128.6,CHANGE:,-3.11%,AMPLITUDE:,4.93%,MA(7):,25958.75,MA(25):,26685.58,MA(99):,27322.29,Vol(BTC):,45.077K,Vol(USDT),1.153B,38.573K,41.092K
6/15/2023,Open:,25128.6,High:,25759.01,Low:,24800,Close:,25598.49,CHANGE:,1.87%,AMPLITUDE:,3.82%,MA(7):,25830.16,MA(25):,26639.61,MA(99):,27361.61,Vol(BTC):,48.665K,Vol(USDT),1.224B,41.086K,41.766K
6/16/2023,Open:,25598.49,High:,26518,Low:,25175.56,Close:,26345,CHANGE:,2.92%,AMPLITUDE:,5.24%,MA(7):,25811.18,MA(25):,26619.44,MA(99):,27422.05,Vol(BTC):,51.597K,Vol(USDT),1.335B,44.466K,42.853K
6/17/2023,Open:,26345.01,High:,26839.99,Low:,26181,Close:,26516.99,CHANGE:,0.65%,AMPLITUDE:,2.50%,MA(7):,25907.72,MA(25):,26591.34,MA(99):,27486.35,Vol(BTC):,27.842K,Vol(USDT),738.492M,39.166K,43.657K
6/18/2023,Open:,26516.99,High:,26700,Low:,26255.85,Close:,26339.97,CHANGE:,-0.67%,AMPLITUDE:,1.67%,MA(7):,25966.93,MA(25):,26591.77,MA(99):,27545.79,Vol(BTC):,21.538K,Vol(USDT),571.013M,37.955K,43.819K
6/19/2023,Open:,26339.98,High:,27068.09,Low:,26256.61,Close:,26844.35,CHANGE:,1.91%,AMPLITUDE:,3.08%,MA(7):,26101.09,MA(25):,26606.6,MA(99):,27594.75,Vol(BTC):,35.873K,Vol(USDT),954.194M,38.808K,41.681K
6/20/2023,Open:,26844.35,High:,28402.74,Low:,26652,Close:,28307.99,CHANGE:,5.45%,AMPLITUDE:,6.52%,MA(7):,26440.2,MA(25):,26670.68,MA(99):,27637.12,Vol(BTC):,69.667K,Vol(USDT),1.913B,42.894K,41.772K
6/21/2023,Open:,28308,High:,30800,Low:,28257.99,Close:,29993.89,CHANGE:,5.96%,AMPLITUDE:,8.98%,MA(7):,27135.24,MA(25):,26796.26,MA(99):,27690.89,Vol(BTC):,108.926K,Vol(USDT),3.21B,52.015K,45.294K
6/22/2023,Open:,29993.89,High:,30500,Low:,29525.61,Close:,29884.92,CHANGE:,-0.36%,AMPLITUDE:,3.25%,MA(7):,27747.59,MA(25):,26869.06,MA(99):,27747.45,Vol(BTC):,59.055K,Vol(USDT),1.776B,53.5K,47.293K
6/23/2023,Open:,29884.92,High:,31431.94,Low:,29800,Close:,30688.5,CHANGE:,2.69%,AMPLITUDE:,5.46%,MA(7):,28368.09,MA(25):,26987.15,MA(99):,27804.92,Vol(BTC):,73.932K,Vol(USDT),2.265B,56.69K,50.578K
6/24/2023,Open:,30688.51,High:,30800,Low:,30250,Close:,30527.43,CHANGE:,-0.52%,AMPLITUDE:,1.79%,MA(7):,28941.01,MA(25):,27100.47,MA(99):,27836.56,Vol(BTC):,30.513K,Vol(USDT),933.244M,57.072K,48.119K
6/25/2023,Open:,30527.44,High:,31046.01,Low:,30277.49,Close:,30462.66,CHANGE:,-0.21%,AMPLITUDE:,2.52%,MA(7):,29529.96,MA(25):,27230.56,MA(99):,27872.47,Vol(BTC):,30.223K,Vol(USDT),926.317M,58.313K,48.134K
6/26/2023,Open:,30462.67,High:,30666,Low:,29930,Close:,30267.99,CHANGE:,-0.64%,AMPLITUDE:,2.42%,MA(7):,30019.05,MA(25):,27368.56,MA(99):,27895.66,Vol(BTC):,45.18K,Vol(USDT),1.368B,59.642K,49.225K
6/27/2023,Open:,30267.99,High:,30994.97,Low:,30226.17,Close:,30692.44,CHANGE:,1.40%,AMPLITUDE:,2.54%,MA(7):,30359.69,MA(25):,27506.56,MA(99):,27925.71,Vol(BTC):,42.7K,Vol(USDT),1.306B,55.79K,49.342K
6/28/2023,Open:,30692.44,High:,30709.74,Low:,29858.8,Close:,30077.41,CHANGE:,-2.00%,AMPLITUDE:,2.77%,MA(7):,30371.62,MA(25):,27626.88,MA(99):,27945.63,Vol(BTC):,40.464K,Vol(USDT),1.224B,46.01K,49.013K
6/29/2023,Open:,30077.4,High:,30843.98,Low:,30049.98,Close:,30447.31,CHANGE:,1.23%,AMPLITUDE:,2.64%,MA(7):,30451.96,MA(25):,27760.17,MA(99):,27977.92,Vol(BTC):,36.331K,Vol(USDT),1.108B,42.763K,48.131K
6/30/2023,Open:,30447.31,High:,31282,Low:,29500,Close:,30472,CHANGE:,0.08%,AMPLITUDE:,5.85%,MA(7):,30421.03,MA(25):,27949.92,MA(99):,27999.9,Vol(BTC):,89.419K,Vol(USDT),2.726B,44.976K,50.833K
7/1/2023,Open:,30471.99,High:,30661.6,Low:,30320.57,Close:,30585.9,CHANGE:,0.37%,AMPLITUDE:,1.12%,MA(7):,30429.39,MA(25):,28084.15,MA(99):,28031.53,Vol(BTC):,17.502K,Vol(USDT),533.859M,43.117K,50.094K
7/2/2023,Open:,30585.9,High:,30791,Low:,30155,Close:,30617.03,CHANGE:,0.10%,AMPLITUDE:,2.08%,MA(7):,30451.44,MA(25):,28255.26,MA(99):,28063.39,Vol(BTC):,23.286K,Vol(USDT),711.031M,42.126K,50.219K
7/3/2023,Open:,30617.02,High:,31380,Low:,30570.27,Close:,31156.2,CHANGE:,1.76%,AMPLITUDE:,2.64%,MA(7):,30578.33,MA(25):,28441.56,MA(99):,28095.6,Vol(BTC):,43.762K,Vol(USDT),1.353B,41.923K,50.783K
7/4/2023,Open:,31156.2,High:,31350.69,Low:,30620,Close:,30766.51,CHANGE:,-1.25%,AMPLITUDE:,2.35%,MA(7):,30588.91,MA(25):,28613.11,MA(99):,28132.38,Vol(BTC):,33.206K,Vol(USDT),1.029B,40.567K,48.178K
7/5/2023,Open:,30766.52,High:,30878.07,Low:,30200,Close:,30504.81,CHANGE:,-0.85%,AMPLITUDE:,2.20%,MA(7):,30649.97,MA(25):,28799.66,MA(99):,28165.14,Vol(BTC):,33.216K,Vol(USDT),1.014B,39.532K,42.771K
7/6/2023,Open:,30504.8,High:,31500,Low:,29850.45,Close:,29895.43,CHANGE:,-2.00%,AMPLITUDE:,5.41%,MA(7):,30571.13,MA(25):,28958.45,MA(99):,28180.77,Vol(BTC):,71.32K,Vol(USDT),2.182B,44.53K,43.647K
7/7/2023,Open:,29895.42,High:,30449,Low:,29701.02,Close:,30344.7,CHANGE:,1.50%,AMPLITUDE:,2.50%,MA(7):,30552.94,MA(25):,29136.03,MA(99):,28204.16,Vol(BTC):,34.071K,Vol(USDT),1.027B,36.623K,40.799K
7/8/2023,Open:,30344.7,High:,30386.81,Low:,30044.47,Close:,30284.63,CHANGE:,-0.20%,AMPLITUDE:,1.13%,MA(7):,30509.9,MA(25):,29310.05,MA(99):,28222.54,Vol(BTC):,13.095K,Vol(USDT),395.76M,35.994K,39.555K
7/9/2023,Open:,30284.63,High:,30445.52,Low:,30061.12,Close:,30160.71,CHANGE:,-0.41%,AMPLITUDE:,1.27%,MA(7):,30444.71,MA(25):,29511.33,MA(99):,28239.79,Vol(BTC):,15.389K,Vol(USDT),465.782M,34.865K,38.496K
7/10/2023,Open:,30160.71,High:,31045.78,Low:,29950,Close:,30411.57,CHANGE:,0.83%,AMPLITUDE:,3.63%,MA(7):,30338.34,MA(25):,29703.85,MA(99):,28262.42,Vol(BTC):,41.263K,Vol(USDT),1.254B,34.508K,38.216K
7/11/2023,Open:,30411.57,High:,30813.63,Low:,30300,Close:,30622.1,CHANGE:,0.69%,AMPLITUDE:,1.69%,MA(7):,30317.71,MA(25):,29874.94,MA(99):,28290.92,Vol(BTC):,28.477K,Vol(USDT),868.966M,33.833K,37.2K
7/12/2023,Open:,30622.1,High:,30983.25,Low:,30210,Close:,30380,CHANGE:,-0.79%,AMPLITUDE:,2.53%,MA(7):,30299.88,MA(25):,30029.46,MA(99):,28313.29,Vol(BTC):,38.109K,Vol(USDT),1.166B,34.532K,37.032K
7/13/2023,Open:,30380,High:,31804.2,Low:,30251,Close:,31454.23,CHANGE:,3.54%,AMPLITUDE:,5.11%,MA(7):,30522.56,MA(25):,30234.03,MA(99):,28346.47,Vol(BTC):,70.773K,Vol(USDT),2.195B,34.454K,39.492K
7/14/2023,Open:,31454.23,High:,31630,Low:,29900,Close:,30312.01,CHANGE:,-3.63%,AMPLITUDE:,5.50%,MA(7):,30517.89,MA(25):,30372.73,MA(99):,28369.48,Vol(BTC):,60.749K,Vol(USDT),1.869B,38.265K,37.444K
7/15/2023,Open:,30312,High:,30390.9,Low:,30200,Close:,30289.52,CHANGE:,-0.07%,AMPLITUDE:,0.63%,MA(7):,30518.59,MA(25):,30452,MA(99):,28393.55,Vol(BTC):,14.119K,Vol(USDT),427.921M,38.411K,37.202K
7/16/2023,Open:,30289.52,High:,30441.46,Low:,30064.29,Close:,30231.99,CHANGE:,-0.19%,AMPLITUDE:,1.25%,MA(7):,30528.77,MA(25):,30461.52,MA(99):,28416.72,Vol(BTC):,15.76K,Vol(USDT),477.189M,38.464K,36.665K
7/17/2023,Open:,30232,High:,30336.96,Low:,29659.2,Close:,30138,CHANGE:,-0.31%,AMPLITUDE:,2.24%,MA(7):,30489.69,MA(25):,30471.64,MA(99):,28435.04,Vol(BTC):,30.883K,Vol(USDT),929.648M,36.981K,35.745K
7/18/2023,Open:,30138.01,High:,30239.78,Low:,29512,Close:,29859.13,CHANGE:,-0.93%,AMPLITUDE:,2.41%,MA(7):,30380.7,MA(25):,30438.47,MA(99):,28437.28,Vol(BTC):,30.004K,Vol(USDT),897.157M,37.199K,35.516K
7/19/2023,Open:,29859.14,High:,30189.09,Low:,29761.96,Close:,29909.21,CHANGE:,0.17%,AMPLITUDE:,1.43%,MA(7):,30313.44,MA(25):,30413.74,MA(99):,28434.34,Vol(BTC):,25.657K,Vol(USDT),769.255M,35.421K,34.976K
7/20/2023,Open:,29909.21,High:,30417.46,Low:,29570.96,Close:,29800,CHANGE:,-0.37%,AMPLITUDE:,2.83%,MA(7):,30077.12,MA(25):,30387.23,MA(99):,28433.45,Vol(BTC):,37.541K,Vol(USDT),1.126B,30.673K,32.563K
7/21/2023,Open:,29800,High:,30061.7,Low:,29726.34,Close:,29901.72,CHANGE:,0.34%,AMPLITUDE:,1.13%,MA(7):,30018.51,MA(25):,30372.58,MA(99):,28428.68,Vol(BTC):,23.881K,Vol(USDT),713.123M,25.406K,31.836K
7/22/2023,Open:,29901.72,High:,29999,Low:,29625.1,Close:,29794,CHANGE:,-0.36%,AMPLITUDE:,1.25%,MA(7):,29947.72,MA(25):,30336.64,MA(99):,28421.89,Vol(BTC):,14.66K,Vol(USDT),437.786M,25.484K,31.947K
7/23/2023,Open:,29793.99,High:,30350,Low:,29730,Close:,30083.75,CHANGE:,0.97%,AMPLITUDE:,2.08%,MA(7):,29926.54,MA(25):,30336.9,MA(99):,28419.75,Vol(BTC):,18.293K,Vol(USDT),548.94M,25.846K,32.155K
7/24/2023,Open:,30083.75,High:,30099.58,Low:,28861.9,Close:,29176.5,CHANGE:,-3.02%,AMPLITUDE:,4.11%,MA(7):,29789.19,MA(25):,30286.07,MA(99):,28408.36,Vol(BTC):,39.629K,Vol(USDT),1.163B,27.095K,32.038K
7/25/2023,Open:,29176.5,High:,29376,Low:,29047.65,Close:,29228.91,CHANGE:,0.18%,AMPLITUDE:,1.13%,MA(7):,29699.16,MA(25):,30236.34,MA(99):,28406.32,Vol(BTC):,21.566K,Vol(USDT),629.531M,25.89K,31.545K
7/26/2023,Open:,29228.91,High:,29690,Low:,29096.94,Close:,29351.96,CHANGE:,0.42%,AMPLITUDE:,2.03%,MA(7):,29619.55,MA(25):,30186.98,MA(99):,28395.94,Vol(BTC):,33.932K,Vol(USDT),995.569M,27.072K,31.246K
7/27/2023,Open:,29351.95,High:,29567.49,Low:,29083.85,Close:,29222.78,CHANGE:,-0.44%,AMPLITUDE:,1.65%,MA(7):,29537.09,MA(25):,30131.21,MA(99):,28400.24,Vol(BTC):,22.476K,Vol(USDT),659.594M,24.92K,27.796K
7/28/2023,Open:,29222.78,High:,29542.22,Low:,29123.12,Close:,29314.14,CHANGE:,0.31%,AMPLITUDE:,1.43%,MA(7):,29453.15,MA(25):,30057.53,MA(99):,28411.05,Vol(BTC):,23.994K,Vol(USDT),702.705M,24.936K,25.171K
7/29/2023,Open:,29314.14,High:,29406.92,Low:,29256.18,Close:,29352.9,CHANGE:,0.13%,AMPLITUDE:,0.51%,MA(7):,29390.13,MA(25):,30000.99,MA(99):,28432.16,Vol(BTC):,10.851K,Vol(USDT),318.277M,24.392K,24.938K
7/30/2023,Open:,29352.9,High:,29449,Low:,29033.24,Close:,29281.09,CHANGE:,-0.24%,AMPLITUDE:,1.42%,MA(7):,29275.47,MA(25):,29952.04,MA(99):,28446.95,Vol(BTC):,15.707K,Vol(USDT),459.83M,24.022K,24.934K
7/31/2023,Open:,29281.09,High:,29530,Low:,29101.8,Close:,29232.25,CHANGE:,-0.17%,AMPLITUDE:,1.46%,MA(7):,29283.43,MA(25):,29925.51,MA(99):,28463.54,Vol(BTC):,22.605K,Vol(USDT),663.025M,21.59K,24.343K
8/1/2023,Open:,29232.26,High:,29739.25,Low:,28585.7,Close:,29705.99,CHANGE:,1.62%,AMPLITUDE:,3.95%,MA(7):,29351.59,MA(25):,29899.96,MA(99):,28485.71,Vol(BTC):,44.72K,Vol(USDT),1.299B,24.898K,25.394K
8/2/2023,Open:,29705.99,High:,30047.5,Low:,28927.5,Close:,29186.01,CHANGE:,-1.75%,AMPLITUDE:,3.77%,MA(7):,29327.88,MA(25):,29856.02,MA(99):,28494.65,Vol(BTC):,48.182K,Vol(USDT),1.42B,26.934K,27.003K
8/3/2023,Open:,29186,High:,29433.33,Low:,28968,Close:,29193.64,CHANGE:,0.03%,AMPLITUDE:,1.59%,MA(7):,29323.72,MA(25):,29817.34,MA(99):,28502.51,Vol(BTC):,26.477K,Vol(USDT),773.303M,27.505K,26.212K
8/4/2023,Open:,29193.65,High:,29333.08,Low:,28807.54,Close:,29113.99,CHANGE:,-0.27%,AMPLITUDE:,1.80%,MA(7):,29295.12,MA(25):,29765.43,MA(99):,28498.89,Vol(BTC):,23.552K,Vol(USDT),686.643M,27.442K,26.189K
8/5/2023,Open:,29114,High:,29152.23,Low:,28978.64,Close:,29072.13,CHANGE:,-0.14%,AMPLITUDE:,0.60%,MA(7):,29255.01,MA(25):,29703.43,MA(99):,28496.47,Vol(BTC):,11.646K,Vol(USDT),338.479M,27.555K,25.973K
8/6/2023,Open:,29072.13,High:,29205.09,Low:,28991.88,Close:,29088.42,CHANGE:,0.06%,AMPLITUDE:,0.73%,MA(7):,29227.49,MA(25):,29651.77,MA(99):,28495.03,Vol(BTC):,13.178K,Vol(USDT),383.209M,27.194K,25.608K
8/7/2023,Open:,29088.43,High:,29276.78,Low:,28701.03,Close:,29211.06,CHANGE:,0.42%,AMPLITUDE:,1.98%,MA(7):,29224.46,MA(25):,29562.04,MA(99):,28494.81,Vol(BTC):,30.967K,Vol(USDT),899.493M,28.389K,24.989K
8/8/2023,Open:,29211.06,High:,30244,Low:,29146.45,Close:,29770.42,CHANGE:,1.91%,AMPLITUDE:,3.76%,MA(7):,29233.67,MA(25):,29540.38,MA(99):,28512,Vol(BTC):,45.701K,Vol(USDT),1.353B,28.529K,26.713K
8/9/2023,Open:,29770.41,High:,30160,Low:,29376.67,Close:,29581.99,CHANGE:,-0.63%,AMPLITUDE:,2.63%,MA(7):,29290.24,MA(25):,29512.08,MA(99):,28521.22,Vol(BTC):,38.004K,Vol(USDT),1.13B,27.075K,27.004K
8/10/2023,Open:,29581.99,High:,29738,Low:,29320.2,Close:,29455.75,CHANGE:,-0.43%,AMPLITUDE:,1.41%,MA(7):,29327.68,MA(25):,29481.03,MA(99):,28525.56,Vol(BTC):,23.463K,Vol(USDT),692.863M,26.644K,27.075K
8/11/2023,Open:,29455.76,High:,29564.52,Low:,29252.45,Close:,29426.03,CHANGE:,-0.10%,AMPLITUDE:,1.06%,MA(7):,29372.26,MA(25):,29452.55,MA(99):,28531.49,Vol(BTC):,20.637K,Vol(USDT),607.176M,26.228K,26.835K
8/12/2023,Open:,29426.02,High:,29481.35,Low:,29381.56,Close:,29430.17,CHANGE:,0.01%,AMPLITUDE:,0.34%,MA(7):,29423.41,MA(25):,29435.39,MA(99):,28530.73,Vol(BTC):,8.971K,Vol(USDT),263.949M,25.846K,26.701K
8/13/2023,Open:,29430.18,High:,29474.65,Low:,29272.32,Close:,29303.84,CHANGE:,-0.43%,AMPLITUDE:,0.69%,MA(7):,29454.18,MA(25):,29411.18,MA(99):,28535.33,Vol(BTC):,11.102K,Vol(USDT),326.265M,25.549K,26.372K
8/14/2023,Open:,29303.85,High:,29695.32,Low:,29102.45,Close:,29430.93,CHANGE:,0.43%,AMPLITUDE:,2.02%,MA(7):,29485.59,MA(25):,29396.41,MA(99):,28545.44,Vol(BTC):,31.443K,Vol(USDT),924.613M,25.617K,27.003K
8/15/2023,Open:,29430.92,High:,29499.26,Low:,29059.6,Close:,29200,CHANGE:,-0.78%,AMPLITUDE:,1.49%,MA(7):,29404.1,MA(25):,29368.35,MA(99):,28560.91,Vol(BTC):,27.504K,Vol(USDT),806.684M,23.018K,25.773K
8/16/2023,Open:,29200.01,High:,29259.85,Low:,28723.08,Close:,28730.51,CHANGE:,-1.61%,AMPLITUDE:,1.84%,MA(7):,29282.46,MA(25):,29325.81,MA(99):,28572.04,Vol(BTC):,32.997K,Vol(USDT),959.871M,22.302K,24.689K
8/17/2023,Open:,28730.51,High:,28783.48,Low:,25166,Close:,26623.41,CHANGE:,-7.33%,AMPLITUDE:,12.59%,MA(7):,28877.84,MA(25):,29187.39,MA(99):,28562.19,Vol(BTC):,100.272K,Vol(USDT),2.756B,33.275K,29.96K
8/18/2023,Open:,26623.41,High:,26832.6,Low:,25619,Close:,26054,CHANGE:,-2.14%,AMPLITUDE:,4.56%,MA(7):,28396.12,MA(25):,29062.49,MA(99):,28552.95,Vol(BTC):,69.791K,Vol(USDT),1.834B,40.297K,33.262K
8/19/2023,Open:,26054,High:,26281,Low:,25801.09,Close:,26100.01,CHANGE:,0.18%,AMPLITUDE:,1.84%,MA(7):,27920.39,MA(25):,28937.34,MA(99):,28545.93,Vol(BTC):,26.161K,Vol(USDT),680.624M,42.753K,34.299K
8/20/2023,Open:,26100.01,High:,26299,Low:,25971.05,Close:,26189.99,CHANGE:,0.34%,AMPLITUDE:,1.26%,MA(7):,27475.55,MA(25):,28810.86,MA(99):,28540.02,Vol(BTC):,19.057K,Vol(USDT),497.881M,43.889K,34.719K
8/21/2023,Open:,26190,High:,26258.42,Low:,25812,Close:,26126.92,CHANGE:,-0.24%,AMPLITUDE:,1.70%,MA(7):,27003.55,MA(25):,28687.02,MA(99):,28532.03,Vol(BTC):,30.267K,Vol(USDT),788.205M,43.721K,34.669K
8/22/2023,Open:,26126.92,High:,26139.42,Low:,25300,Close:,26056,CHANGE:,-0.27%,AMPLITUDE:,3.21%,MA(7):,26554.41,MA(25):,28556.7,MA(99):,28520.86,Vol(BTC):,34.247K,Vol(USDT),886.782M,44.684K,33.851K
8/23/2023,Open:,26055.99,High:,26819.27,Low:,25812.82,Close:,26432.72,CHANGE:,1.45%,AMPLITUDE:,3.86%,MA(7):,26226.15,MA(25):,28439.89,MA(99):,28514.79,Vol(BTC):,44.024K,Vol(USDT),1.156B,46.26K,34.281K
8/24/2023,Open:,26432.71,High:,26577.87,Low:,25864,Close:,26180.05,CHANGE:,-0.96%,AMPLITUDE:,2.70%,MA(7):,26162.81,MA(25):,28315.85,MA(99):,28502.41,Vol(BTC):,30.205K,Vol(USDT),792.967M,36.25K,34.763K
8/25/2023,Open:,26180.05,High:,26314.05,Low:,25777.15,Close:,26060.01,CHANGE:,-0.46%,AMPLITUDE:,2.05%,MA(7):,26163.67,MA(25):,28188.96,MA(99):,28494.72,Vol(BTC):,27.753K,Vol(USDT),722.611M,30.245K,35.271K
8/26/2023,Open:,26060,High:,26125.77,Low:,25985.92,Close:,26017.37,CHANGE:,-0.16%,AMPLITUDE:,0.54%,MA(7):,26151.87,MA(25):,28041.41,MA(99):,28486,Vol(BTC):,10.022K,Vol(USDT),261.042M,27.939K,35.346K
8/27/2023,Open:,26017.38,High:,26182.23,Low:,25966.11,Close:,26101.77,CHANGE:,0.32%,AMPLITUDE:,0.83%,MA(7):,26139.26,MA(25):,27918.05,MA(99):,28475.9,Vol(BTC):,12.1K,Vol(USDT),315.548M,26.945K,35.417K
8/28/2023,Open:,26101.78,High:,26253.99,Low:,25864.5,Close:,26120,CHANGE:,0.07%,AMPLITUDE:,1.49%,MA(7):,26138.27,MA(25):,27795.1,MA(99):,28469.56,Vol(BTC):,22.693K,Vol(USDT),591.009M,25.863K,34.792K
8/29/2023,Open:,26120,High:,28142.85,Low:,25922,Close:,27716.34,CHANGE:,6.11%,AMPLITUDE:,8.50%,MA(7):,26375.47,MA(25):,27739.19,MA(99):,28478.31,Vol(BTC):,74.252K,Vol(USDT),2.023B,31.578K,38.131K
8/30/2023,Open:,27716.34,High:,27768.57,Low:,27017.24,Close:,27299.99,CHANGE:,-1.50%,AMPLITUDE:,2.71%,MA(7):,26499.36,MA(25):,27668.31,MA(99):,28479.13,Vol(BTC):,35.448K,Vol(USDT),969.086M,30.353K,38.307K
8/31/2023,Open:,27299.99,High:,27587.51,Low:,25655.01,Close:,25940.78,CHANGE:,-4.98%,AMPLITUDE:,7.08%,MA(7):,26465.18,MA(25):,27542.4,MA(99):,28475.2,Vol(BTC):,51.033K,Vol(USDT),1.36B,33.329K,34.789K
9/1/2023,Open:,25940.77,High:,26156,Low:,25333.75,Close:,25805.05,CHANGE:,-0.52%,AMPLITUDE:,3.17%,MA(7):,26428.76,MA(25):,27406.16,MA(99):,28468.45,Vol(BTC):,41.032K,Vol(USDT),1.059B,35.226K,32.735K
9/2/2023,Open:,25805.04,High:,25987.5,Low:,25752.47,Close:,25869.51,CHANGE:,0.25%,AMPLITUDE:,0.91%,MA(7):,26407.63,MA(25):,27250.13,MA(99):,28460,Vol(BTC):,16.251K,Vol(USDT),419.813M,36.115K,32.027K
9/3/2023,Open:,25869.52,High:,26135,Low:,25800,Close:,25971.21,CHANGE:,0.39%,AMPLITUDE:,1.29%,MA(7):,26388.98,MA(25):,27105.69,MA(99):,28451.08,Vol(BTC):,17.474K,Vol(USDT),453.101M,36.883K,31.914K
9/4/2023,Open:,25971.21,High:,26108.02,Low:,25631.21,Close:,25826.02,CHANGE:,-0.56%,AMPLITUDE:,1.84%,MA(7):,26346.99,MA(25):,26960.51,MA(99):,28428.46,Vol(BTC):,21.778K,Vol(USDT),563.533M,36.753K,31.308K
9/5/2023,Open:,25826.03,High:,25915.49,Low:,25562.62,Close:,25792.1,CHANGE:,-0.13%,AMPLITUDE:,1.37%,MA(7):,26072.09,MA(25):,26815.15,MA(99):,28408.83,Vol(BTC):,21.323K,Vol(USDT),548.894M,29.191K,30.385K
9/6/2023,Open:,25792.11,High:,26040,Low:,25372.51,Close:,25759.95,CHANGE:,-0.12%,AMPLITUDE:,2.59%,MA(7):,25852.09,MA(25):,26668.34,MA(99):,28389.29,Vol(BTC):,27.263K,Vol(USDT),700.763M,28.022K,29.188K
9/7/2023,Open:,25759.95,High:,26443.14,Low:,25615.38,Close:,26255,CHANGE:,1.92%,AMPLITUDE:,3.21%,MA(7):,25896.98,MA(25):,26546.39,MA(99):,28379.64,Vol(BTC):,27.687K,Vol(USDT),718.923M,24.687K,29.008K
9/8/2023,Open:,26255,High:,26445.5,Low:,25647.26,Close:,25910.5,CHANGE:,-1.31%,AMPLITUDE:,3.04%,MA(7):,25912.04,MA(25):,26405.57,MA(99):,28370.47,Vol(BTC):,29K,Vol(USDT),754.185M,22.968K,29.097K
9/9/2023,Open:,25910.5,High:,25945.09,Low:,25796.64,Close:,25901.61,CHANGE:,-0.03%,AMPLITUDE:,0.57%,MA(7):,25916.63,MA(25):,26273.63,MA(99):,28356.92,Vol(BTC):,10.981K,Vol(USDT),284.109M,22.215K,29.165K
9/10/2023,Open:,25901.6,High:,26033.66,Low:,25570.57,Close:,25841.61,CHANGE:,-0.23%,AMPLITUDE:,1.79%,MA(7):,25898.11,MA(25):,26158.08,MA(99):,28344.52,Vol(BTC):,18.738K,Vol(USDT),483.577M,22.396K,29.639K
9/11/2023,Open:,25841.6,High:,25900.69,Low:,24901,Close:,25162.52,CHANGE:,-2.63%,AMPLITUDE:,3.87%,MA(7):,25803.33,MA(25):,26099.64,MA(99):,28324.8,Vol(BTC):,41.682K,Vol(USDT),1.057B,25.239K,30.996K
9/12/2023,Open:,25162.53,High:,26567,Low:,25131.48,Close:,25840.1,CHANGE:,2.69%,AMPLITUDE:,5.70%,MA(7):,25810.18,MA(25):,26091.09,MA(99):,28325.93,Vol(BTC):,56.434K,Vol(USDT),1.464B,30.255K,29.723K
9/13/2023,Open:,25840.1,High:,26405.22,Low:,25764.17,Close:,26222,CHANGE:,1.48%,AMPLITUDE:,2.48%,MA(7):,25876.19,MA(25):,26095.96,MA(99):,28315.75,Vol(BTC):,31.611K,Vol(USDT),825.438M,30.876K,29.449K
9/14/2023,Open:,26222,High:,26860.49,Low:,26126.77,Close:,26522.73,CHANGE:,1.15%,AMPLITUDE:,2.80%,MA(7):,25914.44,MA(25):,26109.27,MA(99):,28317.6,Vol(BTC):,38.333K,Vol(USDT),1.015B,32.397K,28.542K
9/15/2023,Open:,26522.73,High:,26888,Low:,26224,Close:,26600,CHANGE:,0.29%,AMPLITUDE:,2.50%,MA(7):,26012.94,MA(25):,26128.2,MA(99):,28318.62,Vol(BTC):,26.227K,Vol(USDT),695.203M,32.001K,27.484K
9/16/2023,Open:,26599.99,High:,26777,Low:,26445,Close:,26559.67,CHANGE:,-0.15%,AMPLITUDE:,1.25%,MA(7):,26106.95,MA(25):,26148.34,MA(99):,28319.45,Vol(BTC):,13.961K,Vol(USDT),370.89M,32.427K,27.321K
9/17/2023,Open:,26559.67,High:,26623.25,Low:,26399,Close:,26527.51,CHANGE:,-0.12%,AMPLITUDE:,0.84%,MA(7):,26204.93,MA(25):,26152.14,MA(99):,28326.38,Vol(BTC):,12.998K,Vol(USDT),344.704M,31.607K,27.001K
9/18/2023,Open:,26527.5,High:,27409,Low:,26377.35,Close:,26762.51,CHANGE:,0.89%,AMPLITUDE:,3.89%,MA(7):,26433.5,MA(25):,26175.43,MA(99):,28334.84,Vol(BTC):,43K,Vol(USDT),1.159B,31.795K,28.517K
9/19/2023,Open:,26762.5,High:,27483.57,Low:,26667.79,Close:,27210.26,CHANGE:,1.67%,AMPLITUDE:,3.05%,MA(7):,26629.24,MA(25):,26221.44,MA(99):,28348.02,Vol(BTC):,36.191K,Vol(USDT),981.539M,28.903K,29.579K
9/20/2023,Open:,27210.25,High:,27388.63,Low:,26800,Close:,27125,CHANGE:,-0.31%,AMPLITUDE:,2.16%,MA(7):,26758.24,MA(25):,26265.75,MA(99):,28360.05,Vol(BTC):,34.207K,Vol(USDT),927.206M,29.274K,30.075K
9/21/2023,Open:,27125.01,High:,27159.6,Low:,26377.7,Close:,26568.08,CHANGE:,-2.05%,AMPLITUDE:,2.88%,MA(7):,26764.72,MA(25):,26284.4,MA(99):,28374.59,Vol(BTC):,34.477K,Vol(USDT),920.768M,28.723K,30.56K
9/22/2023,Open:,26568.08,High:,26743.38,Low:,26468.77,Close:,26580.14,CHANGE:,0.05%,AMPLITUDE:,1.03%,MA(7):,26761.88,MA(25):,26302.81,MA(99):,28384.5,Vol(BTC):,18.198K,Vol(USDT),484.332M,27.576K,29.789K
9/23/2023,Open:,26580.14,High:,26632.81,Low:,26509,Close:,26575.96,CHANGE:,-0.02%,AMPLITUDE:,0.47%,MA(7):,26764.21,MA(25):,26257.19,MA(99):,28386.84,Vol(BTC):,9.441K,Vol(USDT),250.874M,26.93K,29.679K
9/24/2023,Open:,26575.97,High:,26738.54,Low:,26122.08,Close:,26248.38,CHANGE:,-1.23%,AMPLITUDE:,2.32%,MA(7):,26724.33,MA(25):,26215.13,MA(99):,28384.12,Vol(BTC):,15.707K,Vol(USDT),416.368M,27.317K,29.462K
9/25/2023,Open:,26248.39,High:,26446.15,Low:,25990.46,Close:,26304.81,CHANGE:,0.21%,AMPLITUDE:,1.74%,MA(7):,26658.95,MA(25):,26229.69,MA(99):,28383.77,Vol(BTC):,26.266K,Vol(USDT),688.253M,24.927K,28.361K
9/26/2023,Open:,26304.8,High:,26397.46,Low:,26088.34,Close:,26221.67,CHANGE:,-0.32%,AMPLITUDE:,1.18%,MA(7):,26517.72,MA(25):,26246.35,MA(99):,28377.48,Vol(BTC):,18.495K,Vol(USDT),485.218M,22.399K,25.651K
9/27/2023,Open:,26221.68,High:,26850,Low:,26112.06,Close:,26372.99,CHANGE:,0.58%,AMPLITUDE:,2.81%,MA(7):,26410.29,MA(25):,26266.49,MA(99):,28357.93,Vol(BTC):,34.772K,Vol(USDT),918.798M,22.479K,25.877K
9/28/2023,Open:,26373,High:,27308.48,Low:,26342.4,Close:,27021.39,CHANGE:,2.46%,AMPLITUDE:,3.66%,MA(7):,26475.05,MA(25):,26308.5,MA(99):,28327.91,Vol(BTC):,44.518K,Vol(USDT),1.193B,23.914K,26.318K
9/29/2023,Open:,27021.39,High:,27244.89,Low:,26665.16,Close:,26906.96,CHANGE:,-0.42%,AMPLITUDE:,2.15%,MA(7):,26521.74,MA(25):,26351.74,MA(99):,28297.83,Vol(BTC):,28.479K,Vol(USDT),767.827M,25.382K,26.479K
9/30/2023,Open:,26906.96,High:,27094.99,Low:,26886.31,Close:,26962.56,CHANGE:,0.21%,AMPLITUDE:,0.78%,MA(7):,26576.97,MA(25):,26398.56,MA(99):,28260.19,Vol(BTC):,12.805K,Vol(USDT),345.406M,25.863K,26.397K
10/1/2023,Open:,26962.57,High:,28065.51,Low:,26954.09,Close:,27992.57,CHANGE:,3.82%,AMPLITUDE:,4.12%,MA(7):,26826.14,MA(25):,26487.86,MA(99):,28234.59,Vol(BTC):,24.603K,Vol(USDT),674.657M,27.134K,27.226K
10/2/2023,Open:,27992.58,High:,28580,Low:,27281.44,Close:,27494.51,CHANGE:,-1.78%,AMPLITUDE:,4.64%,MA(7):,26996.09,MA(25):,26537.44,MA(99):,28204.61,Vol(BTC):,57.071K,Vol(USDT),1.601B,31.535K,28.231K
10/3/2023,Open:,27494.51,High:,27676.52,Low:,27160.5,Close:,27426.46,CHANGE:,-0.25%,AMPLITUDE:,1.88%,MA(7):,27168.21,MA(25):,26598.08,MA(99):,28175.9,Vol(BTC):,28.929K,Vol(USDT),794.302M,33.025K,27.712K
10/4/2023,Open:,27426.45,High:,27839.72,Low:,27202,Close:,27778.57,CHANGE:,1.28%,AMPLITUDE:,2.33%,MA(7):,27369,MA(25):,26673.16,MA(99):,28146.47,Vol(BTC):,29.816K,Vol(USDT),820.421M,32.317K,27.398K
10/5/2023,Open:,27778.57,High:,28120.39,Low:,27352,Close:,27410.39,CHANGE:,-1.33%,AMPLITUDE:,2.77%,MA(7):,27424.57,MA(25):,26735.91,MA(99):,28119.53,Vol(BTC):,30.681K,Vol(USDT),849.416M,30.341K,27.127K
10/6/2023,Open:,27410.39,High:,28295,Low:,27175.94,Close:,27931.09,CHANGE:,1.90%,AMPLITUDE:,4.08%,MA(7):,27570.88,MA(25):,26846.65,MA(99):,28094.11,Vol(BTC):,37.983K,Vol(USDT),1.053B,31.698K,28.54K
10/7/2023,Open:,27931.1,High:,28029.67,Low:,27842.08,Close:,27956.67,CHANGE:,0.09%,AMPLITUDE:,0.67%,MA(7):,27712.89,MA(25):,26931.32,MA(99):,28068.71,Vol(BTC):,13.349K,Vol(USDT),372.82M,31.776K,28.82K
10/8/2023,Open:,27956.67,High:,28095.14,Low:,27687.5,Close:,27917.05,CHANGE:,-0.14%,AMPLITUDE:,1.46%,MA(7):,27702.11,MA(25):,26999.12,MA(99):,28041.75,Vol(BTC):,19.694K,Vol(USDT),549.84M,31.075K,29.104K
10/9/2023,Open:,27917.06,High:,27987.93,Low:,27260,Close:,27590.12,CHANGE:,-1.17%,AMPLITUDE:,2.61%,MA(7):,27715.76,MA(25):,27041.81,MA(99):,28011.17,Vol(BTC):,31.535K,Vol(USDT),870.015M,27.427K,29.481K
10/10/2023,Open:,27590.12,High:,27735,Low:,27298,Close:,27390.12,CHANGE:,-0.72%,AMPLITUDE:,1.58%,MA(7):,27710.57,MA(25):,27073.42,MA(99):,27973.13,Vol(BTC):,22.777K,Vol(USDT),626.259M,26.548K,29.786K
10/11/2023,Open:,27390.12,High:,27477.39,Low:,26538.66,Close:,26875.52,CHANGE:,-1.88%,AMPLITUDE:,3.43%,MA(7):,27581.57,MA(25):,27086.05,MA(99):,27933.83,Vol(BTC):,37.349K,Vol(USDT),1.007B,27.624K,29.971K
10/12/2023,Open:,26875.52,High:,26947.04,Low:,26555,Close:,26759.63,CHANGE:,-0.43%,AMPLITUDE:,1.46%,MA(7):,27488.6,MA(25):,27095.34,MA(99):,27896,Vol(BTC):,23.429K,Vol(USDT),626.909M,26.588K,28.464K
10/13/2023,Open:,26759.63,High:,27130,Low:,26685,Close:,26862,CHANGE:,0.38%,AMPLITUDE:,1.66%,MA(7):,27335.87,MA(25):,27099.32,MA(99):,27865.36,Vol(BTC):,24.116K,Vol(USDT),647.554M,24.607K,28.153K
10/14/2023,Open:,26862,High:,26989.58,Low:,26789,Close:,26852.48,CHANGE:,-0.04%,AMPLITUDE:,0.75%,MA(7):,27178.13,MA(25):,27085,MA(99):,27830.08,Vol(BTC):,10.417K,Vol(USDT),280.059M,24.188K,27.982K
10/15/2023,Open:,26852.48,High:,27293.33,Low:,26808.25,Close:,27154.15,CHANGE:,1.12%,AMPLITUDE:,1.81%,MA(7):,27069.15,MA(25):,27086.17,MA(99):,27798.46,Vol(BTC):,15.275K,Vol(USDT),412.674M,23.557K,27.316K
10/16/2023,Open:,27154.14,High:,30000,Low:,27112.66,Close:,28500.78,CHANGE:,4.96%,AMPLITUDE:,10.63%,MA(7):,27199.24,MA(25):,27163.48,MA(99):,27781.7,Vol(BTC):,78.399K,Vol(USDT),2.211B,30.252K,28.839K
10/17/2023,Open:,28500.77,High:,28613.65,Low:,28069.32,Close:,28395.91,CHANGE:,-0.37%,AMPLITUDE:,1.91%,MA(7):,27342.92,MA(25):,27236.11,MA(99):,27761.34,Vol(BTC):,38.428K,Vol(USDT),1.091B,32.488K,29.518K
10/18/2023,Open:,28395.91,High:,28982.36,Low:,28142.87,Close:,28320,CHANGE:,-0.27%,AMPLITUDE:,2.96%,MA(7):,27549.28,MA(25):,27305.87,MA(99):,27738.08,Vol(BTC):,32.162K,Vol(USDT),914.774M,31.747K,29.685K
10/19/2023,Open:,28320,High:,28916.89,Low:,28100.66,Close:,28713.71,CHANGE:,1.39%,AMPLITUDE:,2.88%,MA(7):,27828.43,MA(25):,27404.48,MA(99):,27721.25,Vol(BTC):,35.896K,Vol(USDT),1.024B,33.528K,30.058K
10/20/2023,Open:,28713.71,High:,30207.55,Low:,28578.29,Close:,29669.04,CHANGE:,3.33%,AMPLITUDE:,5.67%,MA(7):,28229.44,MA(25):,27539.05,MA(99):,27703.22,Vol(BTC):,59.422K,Vol(USDT),1.753B,38.571K,31.589K
10/21/2023,Open:,29669.05,High:,30379.99,Low:,29464.77,Close:,29909.8,CHANGE:,0.81%,AMPLITUDE:,3.08%,MA(7):,28666.2,MA(25):,27686.58,MA(99):,27699.16,Vol(BTC):,27.518K,Vol(USDT),821.965M,41.014K,32.601K
10/22/2023,Open:,29909.8,High:,30248,Low:,29640,Close:,29992.46,CHANGE:,0.28%,AMPLITUDE:,2.03%,MA(7):,29071.67,MA(25):,27831.36,MA(99):,27696.16,Vol(BTC):,22.853K,Vol(USDT),683.855M,42.097K,32.827K
10/23/2023,Open:,29992.46,High:,34741.91,Low:,29883.6,Close:,33069.99,CHANGE:,10.26%,AMPLITUDE:,16.20%,MA(7):,29724.42,MA(25):,28073.3,MA(99):,27724.82,Vol(BTC):,93.514K,Vol(USDT),2.942B,44.256K,37.254K
10/24/2023,Open:,33069.99,High:,35280,Low:,32832.34,Close:,33922.73,CHANGE:,2.58%,AMPLITUDE:,7.40%,MA(7):,30513.96,MA(25):,28353.93,MA(99):,27763.05,Vol(BTC):,115.265K,Vol(USDT),3.933B,55.233K,43.86K
10/25/2023,Open:,33922.73,High:,35132.85,Low:,33679.05,Close:,34496.05,CHANGE:,1.69%,AMPLITUDE:,4.29%,MA(7):,31396.25,MA(25):,28655.27,MA(99):,27809.89,Vol(BTC):,54.887K,Vol(USDT),1.888B,58.479K,45.113K
10/26/2023,Open:,34496.05,High:,34824.13,Low:,33751,Close:,34151.66,CHANGE:,-1.00%,AMPLITUDE:,3.11%,MA(7):,32173.1,MA(25):,28901.64,MA(99):,27852.74,Vol(BTC):,39.745K,Vol(USDT),1.363B,59.029K,46.278K
10/27/2023,Open:,34151.66,High:,34245,Low:,33390.95,Close:,33892.02,CHANGE:,-0.76%,AMPLITUDE:,2.50%,MA(7):,32776.39,MA(25):,29157.54,MA(99):,27894.08,Vol(BTC):,32.33K,Vol(USDT),1.097B,55.159K,46.865K
10/28/2023,Open:,33892.01,High:,34493.33,Low:,33860,Close:,34081,CHANGE:,0.56%,AMPLITUDE:,1.87%,MA(7):,33372.27,MA(25):,29423.72,MA(99):,27936.29,Vol(BTC):,16.88K,Vol(USDT),575.937M,53.639K,47.327K
10/29/2023,Open:,34081.01,High:,34750.11,Low:,33930,Close:,34525.89,CHANGE:,1.31%,AMPLITUDE:,2.41%,MA(7):,34019.91,MA(25):,29693.61,MA(99):,27984.09,Vol(BTC):,20.686K,Vol(USDT),711.653M,53.329K,47.713K
10/30/2023,Open:,34525.88,High:,34856,Low:,34062.84,Close:,34474.73,CHANGE:,-0.15%,AMPLITUDE:,2.30%,MA(7):,34220.58,MA(25):,29976.18,MA(99):,28028.44,Vol(BTC):,33.658K,Vol(USDT),1.16B,44.779K,44.517K
10/31/2023,Open:,34474.74,High:,34720.49,Low:,34025,Close:,34639.77,CHANGE:,0.48%,AMPLITUDE:,2.02%,MA(7):,34323.02,MA(25):,30244.53,MA(99):,28083.63,Vol(BTC):,32.738K,Vol(USDT),1.125B,32.989K,44.111K
11/1/2023,Open:,34639.78,High:,35582,Low:,34097.39,Close:,35421.43,CHANGE:,2.26%,AMPLITUDE:,4.29%,MA(7):,34455.21,MA(25):,30543.12,MA(99):,28146.18,Vol(BTC):,53.473K,Vol(USDT),1.856B,32.787K,45.633K
11/2/2023,Open:,35421.43,High:,35984.99,Low:,34300,Close:,34941.59,CHANGE:,-1.35%,AMPLITUDE:,4.76%,MA(7):,34568.06,MA(25):,30824.1,MA(99):,28202.64,Vol(BTC):,48.016K,Vol(USDT),1.686B,33.969K,46.499K
11/3/2023,Open:,34941.58,High:,34946.5,Low:,34120,Close:,34716.78,CHANGE:,-0.64%,AMPLITUDE:,2.37%,MA(7):,34685.88,MA(25):,31109.17,MA(99):,28258.13,Vol(BTC):,39.071K,Vol(USDT),1.348B,34.932K,45.045K
11/4/2023,Open:,34716.78,High:,35255,Low:,34585.18,Close:,35062.07,CHANGE:,0.99%,AMPLITUDE:,1.93%,MA(7):,34826.04,MA(25):,31416.05,MA(99):,28316.19,Vol(BTC):,18.378K,Vol(USDT),639.959M,35.146K,44.392K
11/5/2023,Open:,35062.06,High:,35380,Low:,34448,Close:,35011.88,CHANGE:,-0.14%,AMPLITUDE:,2.66%,MA(7):,34895.46,MA(25):,31741.5,MA(99):,28373.35,Vol(BTC):,24.529K,Vol(USDT),859.351M,35.695K,44.512K
11/6/2023,Open:,35011.89,High:,35276.33,Low:,34725.9,Close:,35046.09,CHANGE:,0.10%,AMPLITUDE:,1.57%,MA(7):,34977.09,MA(25):,32072.96,MA(99):,28431.59,Vol(BTC):,22.346K,Vol(USDT),782.428M,34.079K,39.429K
11/7/2023,Open:,35046.09,High:,35888,Low:,34523.06,Close:,35399.12,CHANGE:,1.01%,AMPLITUDE:,3.89%,MA(7):,35085.57,MA(25):,32414.45,MA(99):,28493.88,Vol(BTC):,38.689K,Vol(USDT),1.358B,34.929K,33.959K
11/8/2023,Open:,35399.13,High:,36106,Low:,35100,Close:,35624.72,CHANGE:,0.64%,AMPLITUDE:,2.84%,MA(7):,35114.61,MA(25):,32765.33,MA(99):,28553.66,Vol(BTC):,33.401K,Vol(USDT),1.185B,32.061K,32.424K
11/9/2023,Open:,35624.72,High:,37972.24,Low:,35534.05,Close:,36701.09,CHANGE:,3.02%,AMPLITUDE:,6.84%,MA(7):,35365.96,MA(25):,33147.21,MA(99):,28629.57,Vol(BTC):,82.538K,Vol(USDT),3.033B,36.993K,35.481K
11/10/2023,Open:,36701.1,High:,37526,Low:,36324.71,Close:,37301.63,CHANGE:,1.64%,AMPLITUDE:,3.27%,MA(7):,35735.23,MA(25):,33499.25,MA(99):,28711.47,Vol(BTC):,43.414K,Vol(USDT),1.605B,37.614K,36.273K
11/11/2023,Open:,37301.63,High:,37408.26,Low:,36666.93,Close:,37130,CHANGE:,-0.46%,AMPLITUDE:,1.99%,MA(7):,36030.65,MA(25):,33848.61,MA(99):,28792.44,Vol(BTC):,22.985K,Vol(USDT),851.925M,38.272K,36.709K
11/12/2023,Open:,37129.99,High:,37222.22,Low:,36731.1,Close:,37064.13,CHANGE:,-0.18%,AMPLITUDE:,1.32%,MA(7):,36323.83,MA(25):,34198.38,MA(99):,28873.17,Vol(BTC):,17.687K,Vol(USDT),655.571M,37.294K,36.494K
11/13/2023,Open:,37064.13,High:,37417.99,Low:,36333,Close:,36462.93,CHANGE:,-1.62%,AMPLITUDE:,2.93%,MA(7):,36526.23,MA(25):,34508.34,MA(99):,28947.66,Vol(BTC):,32.798K,Vol(USDT),1.208B,38.787K,36.433K
11/14/2023,Open:,36462.93,High:,36744,Low:,34800,Close:,35551.19,CHANGE:,-2.50%,AMPLITUDE:,5.33%,MA(7):,36547.96,MA(25):,34743.63,MA(99):,29011.7,Vol(BTC):,45.504K,Vol(USDT),1.639B,39.761K,37.345K
11/15/2023,Open:,35551.2,High:,37980,Low:,35360,Close:,37858.2,CHANGE:,6.49%,AMPLITUDE:,7.37%,MA(7):,36867.02,MA(25):,35061.57,MA(99):,29093.39,Vol(BTC):,53.569K,Vol(USDT),1.963B,42.642K,37.352K
11/16/2023,Open:,37858.2,High:,37929.54,Low:,35500,Close:,36163.51,CHANGE:,-4.48%,AMPLITUDE:,6.42%,MA(7):,36790.23,MA(25):,35308.41,MA(99):,29159.87,Vol(BTC):,47.49K,Vol(USDT),1.745B,37.635K,37.314K
11/17/2023,Open:,36163.51,High:,36800,Low:,35861.1,Close:,36613.92,CHANGE:,1.25%,AMPLITUDE:,2.60%,MA(7):,36691.98,MA(25):,35450.17,MA(99):,29232.18,Vol(BTC):,38.284K,Vol(USDT),1.391B,36.902K,37.258K
11/18/2023,Open:,36613.91,High:,36845.49,Low:,36178.58,Close:,36568.1,CHANGE:,-0.13%,AMPLITUDE:,1.82%,MA(7):,36611.71,MA(25):,35555.98,MA(99):,29304.32,Vol(BTC):,17.102K,Vol(USDT),624.434M,36.062K,37.167K
11/19/2023,Open:,36568.11,High:,37500,Low:,36384.02,Close:,37359.86,CHANGE:,2.17%,AMPLITUDE:,3.05%,MA(7):,36653.96,MA(25):,35670.53,MA(99):,29384.42,Vol(BTC):,21.246K,Vol(USDT),781.532M,36.571K,36.932K
11/20/2023,Open:,37359.85,High:,37750,Low:,36677,Close:,37448.78,CHANGE:,0.24%,AMPLITUDE:,2.87%,MA(7):,36794.79,MA(25):,35802.42,MA(99):,29466.69,Vol(BTC):,36.023K,Vol(USDT),1.344B,37.031K,37.909K
11/21/2023,Open:,37448.79,High:,37649.44,Low:,35735,Close:,35741.65,CHANGE:,-4.56%,AMPLITUDE:,5.11%,MA(7):,36822,MA(25):,35876.4,MA(99):,29530.44,Vol(BTC):,47.647K,Vol(USDT),1.757B,37.337K,38.549K
11/22/2023,Open:,35741.65,High:,37861.1,Low:,35632.01,Close:,37408.34,CHANGE:,4.66%,AMPLITUDE:,6.24%,MA(7):,36757.74,MA(25):,36009.5,MA(99):,29613.35,Vol(BTC):,45.051K,Vol(USDT),1.657B,36.12K,39.381K
11/23/2023,Open:,37408.35,High:,37653.44,Low:,36870,Close:,37294.28,CHANGE:,-0.30%,AMPLITUDE:,2.09%,MA(7):,36919.28,MA(25):,36120.23,MA(99):,29699.85,Vol(BTC):,23.828K,Vol(USDT),888.827M,32.74K,35.188K
11/24/2023,Open:,37294.27,High:,38414,Low:,37251.51,Close:,37713.57,CHANGE:,1.12%,AMPLITUDE:,3.12%,MA(7):,37076.37,MA(25):,36249.79,MA(99):,29811.87,Vol(BTC):,44.681K,Vol(USDT),1.689B,33.654K,35.278K
11/25/2023,Open:,37713.57,High:,37888,Low:,37591.1,Close:,37780.67,CHANGE:,0.18%,AMPLITUDE:,0.79%,MA(7):,37249.59,MA(25):,36375.42,MA(99):,29930.32,Vol(BTC):,11.396K,Vol(USDT),430.165M,32.839K,34.45K
11/26/2023,Open:,37780.67,High:,37814.63,Low:,37150,Close:,37447.43,CHANGE:,-0.88%,AMPLITUDE:,1.76%,MA(7):,37262.1,MA(25):,36456.46,MA(99):,30044.95,Vol(BTC):,21.265K,Vol(USDT),797.321M,32.841K,34.706K
11/27/2023,Open:,37447.42,High:,37569.23,Low:,36707,Close:,37242.7,CHANGE:,-0.55%,AMPLITUDE:,2.30%,MA(7):,37232.66,MA(25):,36548.51,MA(99):,30156.59,Vol(BTC):,30.001K,Vol(USDT),1.113B,31.981K,34.506K
11/28/2023,Open:,37242.7,High:,38377,Low:,36868.41,Close:,37818.87,CHANGE:,1.55%,AMPLITUDE:,4.05%,MA(7):,37529.41,MA(25):,36672.59,MA(99):,30274.69,Vol(BTC):,37.544K,Vol(USDT),1.414B,30.538K,33.938K
11/29/2023,Open:,37818.88,High:,38450,Low:,37570,Close:,37854.64,CHANGE:,0.09%,AMPLITUDE:,2.33%,MA(7):,37593.17,MA(25):,36784.29,MA(99):,30393.87,Vol(BTC):,32.994K,Vol(USDT),1.253B,28.816K,32.468K
11/30/2023,Open:,37854.65,High:,38145.85,Low:,37500,Close:,37723.96,CHANGE:,-0.35%,AMPLITUDE:,1.71%,MA(7):,37654.55,MA(25):,36892.78,MA(99):,30507.92,Vol(BTC):,24.74K,Vol(USDT),934.491M,28.946K,30.843K
12/1/2023,Open:,37723.97,High:,38999,Low:,37615.86,Close:,38682.52,CHANGE:,2.54%,AMPLITUDE:,3.67%,MA(7):,37792.97,MA(25):,37038.23,MA(99):,30634.21,Vol(BTC):,43.416K,Vol(USDT),1.67B,28.765K,31.21K
12/2/2023,Open:,38682.51,High:,39717.14,Low:,38641.61,Close:,39450.35,CHANGE:,1.98%,AMPLITUDE:,2.78%,MA(7):,38031.5,MA(25):,37200.28,MA(99):,30769.46,Vol(BTC):,26.697K,Vol(USDT),1.043B,30.951K,31.895K
12/3/2023,Open:,39450.35,High:,40250,Low:,39274.86,Close:,39972.26,CHANGE:,1.32%,AMPLITUDE:,2.47%,MA(7):,38392.19,MA(25):,37374.18,MA(99):,30910.42,Vol(BTC):,26.711K,Vol(USDT),1.06B,31.729K,32.285K
12/4/2023,Open:,39972.26,High:,42420,Low:,39972.26,Close:,41991.1,CHANGE:,5.05%,AMPLITUDE:,6.12%,MA(7):,39070.53,MA(25):,37585.78,MA(99):,31070.92,Vol(BTC):,79.272K,Vol(USDT),3.286B,38.768K,35.374K
12/5/2023,Open:,41991.1,High:,44488,Low:,41414,Close:,44073.32,CHANGE:,4.96%,AMPLITUDE:,7.32%,MA(7):,39964.02,MA(25):,37856.65,MA(99):,31252.27,Vol(BTC):,67.491K,Vol(USDT),2.89B,43.046K,36.792K
12/6/2023,Open:,44073.82,High:,44297.21,Low:,43335.28,Close:,43762.69,CHANGE:,-0.70%,AMPLITUDE:,2.18%,MA(7):,40808.03,MA(25):,38121.96,MA(99):,31414.35,Vol(BTC):,51.431K,Vol(USDT),2.257B,45.68K,37.248K
12/7/2023,Open:,43762.69,High:,44047.33,Low:,42821.1,Close:,43273.14,CHANGE:,-1.12%,AMPLITUDE:,2.80%,MA(7):,41600.77,MA(25):,38370.32,MA(99):,31575.7,Vol(BTC):,47.103K,Vol(USDT),2.047B,48.874K,38.91K
12/8/2023,Open:,43273.15,High:,44700,Low:,43081.1,Close:,44170.99,CHANGE:,2.07%,AMPLITUDE:,3.74%,MA(7):,42384.84,MA(25):,38678.64,MA(99):,31759.84,Vol(BTC):,42.9K,Vol(USDT),1.876B,48.801K,38.783K
12/9/2023,Open:,44171,High:,44358.02,Low:,43584.51,Close:,43713.6,CHANGE:,-1.04%,AMPLITUDE:,1.75%,MA(7):,42993.87,MA(25):,39005.14,MA(99):,31940.73,Vol(BTC):,24.926K,Vol(USDT),1.096B,48.548K,39.749K
12/10/2023,Open:,43713.59,High:,44049,Low:,43563,Close:,43789.51,CHANGE:,0.17%,AMPLITUDE:,1.11%,MA(7):,43539.19,MA(25):,39242.39,MA(99):,32121.74,Vol(BTC):,18.957K,Vol(USDT),830.485M,47.44K,39.585K
12/11/2023,Open:,43789.5,High:,43804.5,Low:,40222,Close:,41253.4,CHANGE:,-5.79%,AMPLITUDE:,8.18%,MA(7):,43433.81,MA(25):,39445.99,MA(99):,32276.11,Vol(BTC):,76.664K,Vol(USDT),3.206B,47.067K,42.918K
12/12/2023,Open:,41253.41,High:,42104.12,Low:,40680,Close:,41492.39,CHANGE:,0.58%,AMPLITUDE:,3.45%,MA(7):,43065.1,MA(25):,39641.12,MA(99):,32434.36,Vol(BTC):,42.723K,Vol(USDT),1.774B,43.529K,43.287K
12/13/2023,Open:,41492.38,High:,43475.2,Low:,40555,Close:,42869.03,CHANGE:,3.32%,AMPLITUDE:,7.04%,MA(7):,42937.44,MA(25):,39893.16,MA(99):,32606.85,Vol(BTC):,45.866K,Vol(USDT),1.92B,42.734K,44.207K
12/14/2023,Open:,42869.03,High:,43420,Low:,41400,Close:,43022.26,CHANGE:,0.36%,AMPLITUDE:,4.71%,MA(7):,42901.6,MA(25):,40119.66,MA(99):,32781.22,Vol(BTC):,42.047K,Vol(USDT),1.799B,42.012K,45.443K
12/15/2023,Open:,43022.26,High:,43080.81,Low:,41666,Close:,41940.3,CHANGE:,-2.51%,AMPLITUDE:,3.29%,MA(7):,42582.93,MA(25):,40299.32,MA(99):,32939.65,Vol(BTC):,33.422K,Vol(USDT),1.417B,40.658K,44.729K
12/16/2023,Open:,41940.29,High:,42724.43,Low:,41605,Close:,42278.03,CHANGE:,0.81%,AMPLITUDE:,2.67%,MA(7):,42377.85,MA(25):,40560.77,MA(99):,33104.98,Vol(BTC):,24.119K,Vol(USDT),1.02B,40.542K,44.545K
12/17/2023,Open:,42278.02,High:,42424.07,Low:,41252,Close:,41374.65,CHANGE:,-2.14%,AMPLITUDE:,2.77%,MA(7):,42032.87,MA(25):,40719.43,MA(99):,33261.28,Vol(BTC):,27.722K,Vol(USDT),1.162B,41.795K,44.617K
12/18/2023,Open:,41374.64,High:,42757.81,Low:,40542.93,Close:,42657.8,CHANGE:,3.10%,AMPLITUDE:,5.35%,MA(7):,42233.49,MA(25):,40933.97,MA(99):,33431.14,Vol(BTC):,46.734K,Vol(USDT),1.936B,37.519K,42.293K
12/19/2023,Open:,42657.8,High:,43497,Low:,41811.1,Close:,42275.99,CHANGE:,-0.90%,AMPLITUDE:,3.95%,MA(7):,42345.44,MA(25):,41116.46,MA(99):,33604,Vol(BTC):,40.928K,Vol(USDT),1.748B,37.263K,40.396K
12/20/2023,Open:,42275.99,High:,44283,Low:,42206,Close:,43668.93,CHANGE:,3.29%,AMPLITUDE:,4.91%,MA(7):,42459.71,MA(25):,41351.99,MA(99):,33784.09,Vol(BTC):,48.71K,Vol(USDT),2.116B,37.669K,40.201K
12/21/2023,Open:,43668.92,High:,44242.35,Low:,43286.72,Close:,43861.8,CHANGE:,0.44%,AMPLITUDE:,2.19%,MA(7):,42579.64,MA(25):,41608.57,MA(99):,33962.27,Vol(BTC):,34.624K,Vol(USDT),1.515B,36.608K,39.31K
12/22/2023,Open:,43861.79,High:,44398.26,Low:,43412.54,Close:,43969.04,CHANGE:,0.24%,AMPLITUDE:,2.25%,MA(7):,42869.46,MA(25):,41877.62,MA(99):,34138.49,Vol(BTC):,32.783K,Vol(USDT),1.436B,36.517K,38.587K
12/23/2023,Open:,43969.04,High:,43988.68,Low:,43291.1,Close:,43702.16,CHANGE:,-0.61%,AMPLITUDE:,1.59%,MA(7):,43072.91,MA(25):,42112.95,MA(99):,34311.24,Vol(BTC):,16.557K,Vol(USDT),722.944M,35.437K,37.99K
12/24/2023,Open:,43702.15,High:,43946,Low:,42500,Close:,42991.5,CHANGE:,-1.63%,AMPLITUDE:,3.31%,MA(7):,43303.89,MA(25):,42318.43,MA(99):,34477.22,Vol(BTC):,25.144K,Vol(USDT),1.093B,35.069K,38.432K
12/25/2023,Open:,42991.5,High:,43802.32,Low:,42720.43,Close:,43576.13,CHANGE:,1.36%,AMPLITUDE:,2.52%,MA(7):,43435.08,MA(25):,42552.52,MA(99):,34649.43,Vol(BTC):,27.021K,Vol(USDT),1.172B,32.253K,34.886K
12/26/2023,Open:,43576.12,High:,43592.68,Low:,41637.6,Close:,42508.93,CHANGE:,-2.45%,AMPLITUDE:,4.49%,MA(7):,43468.36,MA(25):,42705.57,MA(99):,34808.49,Vol(BTC):,41.01K,Vol(USDT),1.746B,32.264K,34.763K
12/27/2023,Open:,42508.93,High:,43677,Low:,42098.69,Close:,43428.85,CHANGE:,2.16%,AMPLITUDE:,3.71%,MA(7):,43434.06,MA(25):,42864.71,MA(99):,34972.31,Vol(BTC):,36.191K,Vol(USDT),1.554B,30.476K,34.072K
12/28/2023,Open:,43428.86,High:,43787.57,Low:,42241.79,Close:,42563.76,CHANGE:,-1.99%,AMPLITUDE:,3.56%,MA(7):,43248.62,MA(25):,42968.37,MA(99):,35128.26,Vol(BTC):,35.151K,Vol(USDT),1.508B,30.551K,33.58K
12/29/2023,Open:,42563.76,High:,43111,Low:,41300,Close:,42066.95,CHANGE:,-1.17%,AMPLITUDE:,4.25%,MA(7):,42976.9,MA(25):,42971.41,MA(99):,35284.81,Vol(BTC):,42.597K,Vol(USDT),1.803B,31.953K,34.235K
12/30/2023,Open:,42066.94,High:,42612.32,Low:,41520.3,Close:,42140.28,CHANGE:,0.17%,AMPLITUDE:,2.60%,MA(7):,42753.77,MA(25):,42894.08,MA(99):,35441.98,Vol(BTC):,22.907K,Vol(USDT),964.876M,32.86K,34.149K
12/31/2023,Open:,42140.29,High:,42899,Low:,41965.84,Close:,42283.58,CHANGE:,0.34%,AMPLITUDE:,2.21%,MA(7):,42652.64,MA(25):,42834.92,MA(99):,35600.65,Vol(BTC):,23.586K,Vol(USDT),1.002B,32.638K,33.853K
1/1/2024,Open:,42283.58,High:,44184.1,Low:,42180.77,Close:,44179.55,CHANGE:,4.48%,AMPLITUDE:,4.74%,MA(7):,42738.84,MA(25):,42871.18,MA(99):,35781.77,Vol(BTC):,27.174K,Vol(USDT),1.17B,32.659K,32.456K
1/2/2024,Open:,44179.55,High:,45879.63,Low:,44148.34,Close:,44946.91,CHANGE:,1.74%,AMPLITUDE:,3.92%,MA(7):,43087.13,MA(25):,42902.21,MA(99):,35970.07,Vol(BTC):,65.146K,Vol(USDT),2.944B,36.107K,34.186K
1/3/2024,Open:,44946.91,High:,45500,Low:,40750,Close:,42845.23,CHANGE:,-4.68%,AMPLITUDE:,10.57%,MA(7):,43003.75,MA(25):,42867.48,MA(99):,36137.99,Vol(BTC):,81.195K,Vol(USDT),3.507B,42.536K,36.506K
1/4/2024,Open:,42845.23,High:,44729.58,Low:,42613.77,Close:,44151.1,CHANGE:,3.05%,AMPLITUDE:,4.94%,MA(7):,43230.51,MA(25):,42881.94,MA(99):,36317.57,Vol(BTC):,48.038K,Vol(USDT),2.095B,44.378K,37.464K
1/5/2024,Open:,44151.1,High:,44357.46,Low:,42450,Close:,44145.11,CHANGE:,-0.01%,AMPLITUDE:,4.32%,MA(7):,43527.39,MA(25):,42997.61,MA(99):,36490.53,Vol(BTC):,48.075K,Vol(USDT),2.101B,45.16K,38.557K
1/6/2024,Open:,44145.12,High:,44214.42,Low:,43397.05,Close:,43968.32,CHANGE:,-0.40%,AMPLITUDE:,1.85%,MA(7):,43788.54,MA(25):,43096.65,MA(99):,36662.87,Vol(BTC):,17.835K,Vol(USDT),781.213M,44.436K,38.648K
1/7/2024,Open:,43968.32,High:,44480.59,Low:,43572.09,Close:,43929.02,CHANGE:,-0.09%,AMPLITUDE:,2.07%,MA(7):,44023.61,MA(25):,43139.05,MA(99):,36834.25,Vol(BTC):,23.024K,Vol(USDT),1.015B,44.355K,38.496K
1/8/2024,Open:,43929.01,High:,47248.99,Low:,43175,Close:,46951.04,CHANGE:,6.88%,AMPLITUDE:,9.27%,MA(7):,44419.53,MA(25):,43296.2,MA(99):,37025.75,Vol(BTC):,72.815K,Vol(USDT),3.299B,50.875K,41.767K
1/9/2024,Open:,46951.04,High:,47972,Low:,44748.67,Close:,46110,CHANGE:,-1.79%,AMPLITUDE:,6.87%,MA(7):,44585.69,MA(25):,43462.99,MA(99):,37213.78,Vol(BTC):,69.928K,Vol(USDT),3.251B,51.558K,43.833K
1/10/2024,Open:,46110,High:,47695.93,Low:,44300.36,Close:,46653.99,CHANGE:,1.18%,AMPLITUDE:,7.36%,MA(7):,45129.8,MA(25):,43638.02,MA(99):,37408,Vol(BTC):,89.911K,Vol(USDT),4.124B,52.804K,47.67K
1/11/2024,Open:,46654,High:,48969.48,Low:,45606.06,Close:,46339.16,CHANGE:,-0.67%,AMPLITUDE:,7.21%,MA(7):,45442.38,MA(25):,43836.61,MA(99):,37595.48,Vol(BTC):,87.47K,Vol(USDT),4.105B,58.437K,51.407K
1/12/2024,Open:,46339.16,High:,46515.53,Low:,41500,Close:,42782.73,CHANGE:,-7.67%,AMPLITUDE:,10.82%,MA(7):,45247.75,MA(25):,43841.6,MA(99):,37750.76,Vol(BTC):,86.328K,Vol(USDT),3.827B,63.902K,54.531K
1/13/2024,Open:,42782.74,High:,43257,Low:,42436.12,Close:,42847.99,CHANGE:,0.15%,AMPLITUDE:,1.92%,MA(7):,45087.7,MA(25):,43864.48,MA(99):,37901.43,Vol(BTC):,36.118K,Vol(USDT),1.547B,66.513K,55.475K
1/14/2024,Open:,42847.99,High:,43079,Low:,41720,Close:,41732.35,CHANGE:,-2.60%,AMPLITUDE:,3.17%,MA(7):,44773.89,MA(25):,43787.02,MA(99):,38040.58,Vol(BTC):,28.228K,Vol(USDT),1.202B,67.257K,55.806K
1/15/2024,Open:,41732.35,High:,43400.43,Low:,41718.05,Close:,42511.1,CHANGE:,1.87%,AMPLITUDE:,4.03%,MA(7):,44139.62,MA(25):,43732.99,MA(99):,38188,Vol(BTC):,40.27K,Vol(USDT),1.719B,62.608K,56.742K
1/16/2024,Open:,42511.1,High:,43578.01,Low:,42050,Close:,43137.95,CHANGE:,1.47%,AMPLITUDE:,3.59%,MA(7):,43715.04,MA(25):,43699.75,MA(99):,38345.04,Vol(BTC):,45.046K,Vol(USDT),1.932B,59.053K,55.306K
1/17/2024,Open:,43137.94,High:,43198,Low:,42200.69,Close:,42776.1,CHANGE:,-0.84%,AMPLITUDE:,2.31%,MA(7):,43161.05,MA(25):,43662.71,MA(99):,38500.46,Vol(BTC):,33.266K,Vol(USDT),1.42B,50.961K,51.882K
1/18/2024,Open:,42776.09,High:,42930,Low:,40683.28,Close:,41327.5,CHANGE:,-3.39%,AMPLITUDE:,5.25%,MA(7):,42445.1,MA(25):,43596.15,MA(99):,38646.44,Vol(BTC):,43.908K,Vol(USDT),1.839B,44.738K,51.587K
1/19/2024,Open:,41327.51,High:,42196.86,Low:,40280,Close:,41659.03,CHANGE:,0.80%,AMPLITUDE:,4.64%,MA(7):,42284.57,MA(25):,43519.46,MA(99):,38796.94,Vol(BTC):,48.343K,Vol(USDT),1.994B,39.311K,51.606K
1/20/2024,Open:,41659.03,High:,41872.56,Low:,41456.3,Close:,41696.04,CHANGE:,0.09%,AMPLITUDE:,1.00%,MA(7):,42120.01,MA(25):,43486.95,MA(99):,38946.78,Vol(BTC):,15.924K,Vol(USDT),662.768M,36.426K,51.47K
1/21/2024,Open:,41696.05,High:,41881.39,Low:,41500.98,Close:,41580.33,CHANGE:,-0.28%,AMPLITUDE:,0.91%,MA(7):,42098.29,MA(25):,43413,MA(99):,39095.54,Vol(BTC):,11.73K,Vol(USDT),489.152M,34.069K,50.663K
1/22/2024,Open:,41580.32,High:,41689.65,Low:,39431.58,Close:,39568.02,CHANGE:,-4.84%,AMPLITUDE:,5.43%,MA(7):,41677.85,MA(25):,43293.18,MA(99):,39220.93,Vol(BTC):,55.426K,Vol(USDT),2.247B,36.235K,49.421K
1/23/2024,Open:,39568.02,High:,40176.74,Low:,38555,Close:,39897.6,CHANGE:,0.83%,AMPLITUDE:,4.10%,MA(7):,41214.95,MA(25):,43206.4,MA(99):,39336.05,Vol(BTC):,57.957K,Vol(USDT),2.276B,38.079K,48.566K
1/24/2024,Open:,39897.59,High:,40555,Low:,39484.19,Close:,40084.88,CHANGE:,0.47%,AMPLITUDE:,2.68%,MA(7):,40830.49,MA(25):,43124.19,MA(99):,39454.12,Vol(BTC):,39.294K,Vol(USDT),1.57B,38.94K,44.951K
1/25/2024,Open:,40084.89,High:,40300.24,Low:,39550,Close:,39961.09,CHANGE:,-0.31%,AMPLITUDE:,1.87%,MA(7):,40635.28,MA(25):,43031.29,MA(99):,39571.71,Vol(BTC):,31.022K,Vol(USDT),1.239B,37.099K,40.919K
1/26/2024,Open:,39961.09,High:,42246.82,Low:,39822.52,Close:,41823.51,CHANGE:,4.66%,AMPLITUDE:,6.07%,MA(7):,40658.78,MA(25):,42937.04,MA(99):,39704.13,Vol(BTC):,47.385K,Vol(USDT),1.952B,36.963K,38.137K
1/27/2024,Open:,41823.51,High:,42200,Low:,41394.34,Close:,42120.63,CHANGE:,0.71%,AMPLITUDE:,1.93%,MA(7):,40719.44,MA(25):,42823.99,MA(99):,39829.91,Vol(BTC):,16.224K,Vol(USDT),678.419M,37.005K,36.716K
1/28/2024,Open:,42120.63,High:,42842.68,Low:,41620.81,Close:,42031.06,CHANGE:,-0.21%,AMPLITUDE:,2.90%,MA(7):,40783.83,MA(25):,42791.43,MA(99):,39952.34,Vol(BTC):,27.295K,Vol(USDT),1.154B,39.229K,36.649K
1/29/2024,Open:,42031.05,High:,43333,Low:,41804.88,Close:,43302.7,CHANGE:,3.03%,AMPLITUDE:,3.64%,MA(7):,41317.35,MA(25):,42757.49,MA(99):,40086.79,Vol(BTC):,31.543K,Vol(USDT),1.343B,35.817K,36.026K
1/30/2024,Open:,43302.71,High:,43882.36,Low:,42683.99,Close:,42941.1,CHANGE:,-0.84%,AMPLITUDE:,2.77%,MA(7):,41752.14,MA(25):,42709.33,MA(99):,40186.5,Vol(BTC):,37.619K,Vol(USDT),1.633B,32.912K,35.495K
1/31/2024,Open:,42941.1,High:,43745.11,Low:,42276.84,Close:,42580,CHANGE:,-0.84%,AMPLITUDE:,3.42%,MA(7):,42108.58,MA(25):,42653.8,MA(99):,40273.95,Vol(BTC):,39.871K,Vol(USDT),1.712B,32.994K,35.967K
2/1/2024,Open:,42580,High:,43285.13,Low:,41884.28,Close:,43082.94,CHANGE:,1.18%,AMPLITUDE:,3.29%,MA(7):,42554.56,MA(25):,42619.95,MA(99):,40360.68,Vol(BTC):,35.231K,Vol(USDT),1.497B,33.596K,35.347K
2/2/2024,Open:,43082.95,High:,43488,Low:,42546.79,Close:,43200,CHANGE:,0.27%,AMPLITUDE:,2.18%,MA(7):,42751.2,MA(25):,42469.91,MA(99):,40452.08,Vol(BTC):,29.672K,Vol(USDT),1.278B,31.065K,34.014K
2/3/2024,Open:,43199.99,High:,43380.01,Low:,42880,Close:,43011.09,CHANGE:,-0.44%,AMPLITUDE:,1.16%,MA(7):,42878.41,MA(25):,42345.96,MA(99):,40544.19,Vol(BTC):,12.033K,Vol(USDT),518.775M,30.466K,33.736K
2/4/2024,Open:,43011.1,High:,43119.04,Low:,42222,Close:,42582.88,CHANGE:,-1.00%,AMPLITUDE:,2.09%,MA(7):,42957.24,MA(25):,42183.11,MA(99):,40630.07,Vol(BTC):,17.067K,Vol(USDT),731M,29.005K,34.117K
2/5/2024,Open:,42582.88,High:,43569.76,Low:,42258.1,Close:,42708.7,CHANGE:,0.30%,AMPLITUDE:,3.08%,MA(7):,42872.39,MA(25):,42037.89,MA(99):,40712.72,Vol(BTC):,29.468K,Vol(USDT),1.263B,28.709K,32.263K
2/6/2024,Open:,42708.7,High:,43399.98,Low:,42574,Close:,43098.95,CHANGE:,0.91%,AMPLITUDE:,1.93%,MA(7):,42894.94,MA(25):,42050.54,MA(99):,40799.84,Vol(BTC):,24.676K,Vol(USDT),1.061B,26.86K,29.886K
2/7/2024,Open:,43098.96,High:,44396.5,Low:,42788,Close:,44349.6,CHANGE:,2.90%,AMPLITUDE:,3.73%,MA(7):,43147.74,MA(25):,42110.61,MA(99):,40897.92,Vol(BTC):,34.393K,Vol(USDT),1.496B,26.077K,29.536K
2/8/2024,Open:,44349.6,High:,45614.3,Low:,44331.1,Close:,45288.65,CHANGE:,2.12%,AMPLITUDE:,2.89%,MA(7):,43462.84,MA(25):,42252.86,MA(99):,40997.58,Vol(BTC):,45.44K,Vol(USDT),2.043B,27.535K,30.565K
2/9/2024,Open:,45288.66,High:,48200,Low:,45242.12,Close:,47132.77,CHANGE:,4.07%,AMPLITUDE:,6.53%,MA(7):,44024.66,MA(25):,42437.72,MA(99):,41120.73,Vol(BTC):,73.503K,Vol(USDT),3.453B,33.797K,32.431K
2/10/2024,Open:,47132.78,High:,48170,Low:,46800,Close:,47751.09,CHANGE:,1.31%,AMPLITUDE:,2.91%,MA(7):,44701.81,MA(25):,42622.25,MA(99):,41252.39,Vol(BTC):,24.802K,Vol(USDT),1.176B,35.621K,33.044K
2/11/2024,Open:,47751.08,High:,48592.66,Low:,47557.16,Close:,48299.99,CHANGE:,1.15%,AMPLITUDE:,2.17%,MA(7):,45518.54,MA(25):,42843.21,MA(99):,41386.1,Vol(BTC):,29.959K,Vol(USDT),1.443B,37.463K,33.234K
2/12/2024,Open:,48300,High:,50334.82,Low:,47710.01,Close:,49917.27,CHANGE:,3.35%,AMPLITUDE:,5.43%,MA(7):,46548.33,MA(25):,43186.8,MA(99):,41536.66,Vol(BTC):,59.01K,Vol(USDT),2.898B,41.683K,35.196K
2/13/2024,Open:,49917.28,High:,50368.61,Low:,48300.95,Close:,49699.59,CHANGE:,-0.44%,AMPLITUDE:,4.14%,MA(7):,47491.28,MA(25):,43508.42,MA(99):,41684.68,Vol(BTC):,55.552K,Vol(USDT),2.745B,46.094K,36.477K
2/14/2024,Open:,49699.6,High:,52043.71,Low:,49225.01,Close:,51795.17,CHANGE:,4.22%,AMPLITUDE:,5.67%,MA(7):,48554.93,MA(25):,43912.38,MA(99):,41850.3,Vol(BTC):,57.046K,Vol(USDT),2.92B,49.33K,37.704K
2/15/2024,Open:,51795.17,High:,52816.62,Low:,51314,Close:,51880,CHANGE:,0.16%,AMPLITUDE:,2.90%,MA(7):,49496.55,MA(25):,44324.37,MA(99):,42014.49,Vol(BTC):,53.816K,Vol(USDT),2.803B,50.527K,39.031K
2/16/2024,Open:,51880.01,High:,52572.08,Low:,51566,Close:,52124.11,CHANGE:,0.47%,AMPLITUDE:,1.94%,MA(7):,50209.6,MA(25):,44826.61,MA(99):,42170.28,Vol(BTC):,37.772K,Vol(USDT),1.965B,45.422K,39.61K
2/17/2024,Open:,52124.1,High:,52162.82,Low:,50625,Close:,51642.64,CHANGE:,-0.92%,AMPLITUDE:,2.95%,MA(7):,50765.54,MA(25):,45296.42,MA(99):,42315.14,Vol(BTC):,25.674K,Vol(USDT),1.32B,45.547K,40.584K
2/18/2024,Open:,51642.64,High:,52377,Low:,51163.28,Close:,52137.67,CHANGE:,0.96%,AMPLITUDE:,2.35%,MA(7):,51313.78,MA(25):,45778.53,MA(99):,42466.73,Vol(BTC):,21.992K,Vol(USDT),1.139B,44.409K,40.936K
